========================================,,,
Usage Information,,,
For: 955 KIRKWOOD ST,,,
========================================,,,
Meter Reading Information,,,
Type of readings: Electricity,,, ,  
========================================
Detailed Usage,,,
========================================,,,
Start date: 2019-08-25 00:00 for 16 days,,,
========================================
Interval Blockdata for period starting:, 2019-08-25 00:00  for 1 day,,
========================================
Energy consumption time period,Usage(KWH),,

   -->
   
   2019-08-25 00:00  to 2019-08-25 00:15,0.069,,
2019-08-25 00:15  to 2019-08-25 00:30,0.078,,
2019-08-25 00:30  to 2019-08-25 00:45,0.202,,
2019-08-25 00:45  to 2019-08-25 01:00,0.206,,
2019-08-25 01:00  to 2019-08-25 01:15,0.083,,
2019-08-25 01:15  to 2019-08-25 01:30,0.068,,
2019-08-25 01:30  to 2019-08-25 01:45,0.058,,
2019-08-25 01:45  to 2019-08-25 02:00,0.203,,
2019-08-25 02:00  to 2019-08-25 02:15,0.062,,
2019-08-25 02:15  to 2019-08-25 02:30,0.053,,
2019-08-25 02:30  to 2019-08-25 02:45,0.200,,
2019-08-25 02:45  to 2019-08-25 03:00,0.321,,
2019-08-25 03:00  to 2019-08-25 03:15,0.188,,
2019-08-25 03:15  to 2019-08-25 03:30,0.220,,
2019-08-25 03:30  to 2019-08-25 03:45,0.139,,
2019-08-25 03:45  to 2019-08-25 04:00,0.041,,
2019-08-25 04:00  to 2019-08-25 04:15,0.055,,
2019-08-25 04:15  to 2019-08-25 04:30,0.173,,
2019-08-25 04:30  to 2019-08-25 04:45,0.031,,
2019-08-25 04:45  to 2019-08-25 05:00,0.039,,
2019-08-25 05:00  to 2019-08-25 05:15,0.054,,
2019-08-25 05:15  to 2019-08-25 05:30,0.035,,
2019-08-25 05:30  to 2019-08-25 05:45,0.052,,
2019-08-25 05:45  to 2019-08-25 06:00,0.087,,
2019-08-25 06:00  to 2019-08-25 06:15,0.076,,
2019-08-25 06:15  to 2019-08-25 06:30,0.179,,
2019-08-25 06:30  to 2019-08-25 06:45,0.404,,
2019-08-25 06:45  to 2019-08-25 07:00,0.281,,
2019-08-25 07:00  to 2019-08-25 07:15,0.326,,
2019-08-25 07:15  to 2019-08-25 07:30,0.283,,
2019-08-25 07:30  to 2019-08-25 07:45,0.236,,
2019-08-25 07:45  to 2019-08-25 08:00,0.010,,
2019-08-25 08:00  to 2019-08-25 08:15,0.000,,
2019-08-25 08:15  to 2019-08-25 08:30,0.000,,
2019-08-25 08:30  to 2019-08-25 08:45,0.000,,
2019-08-25 08:45  to 2019-08-25 09:00,0.000,,
2019-08-25 09:00  to 2019-08-25 09:15,0.000,,
2019-08-25 09:15  to 2019-08-25 09:30,0.000,,
2019-08-25 09:30  to 2019-08-25 09:45,0.000,,
2019-08-25 09:45  to 2019-08-25 10:00,0.000,,
2019-08-25 10:00  to 2019-08-25 10:15,0.000,,
2019-08-25 10:15  to 2019-08-25 10:30,0.472,,
2019-08-25 10:30  to 2019-08-25 10:45,0.538,,
2019-08-25 10:45  to 2019-08-25 11:00,0.498,,
2019-08-25 11:00  to 2019-08-25 11:15,0.034,,
2019-08-25 11:15  to 2019-08-25 11:30,0.013,,
2019-08-25 11:30  to 2019-08-25 11:45,0.148,,
2019-08-25 11:45  to 2019-08-25 12:00,0.081,,
2019-08-25 12:00  to 2019-08-25 12:15,0.007,,
2019-08-25 12:15  to 2019-08-25 12:30,0.019,,
2019-08-25 12:30  to 2019-08-25 12:45,0.010,,
2019-08-25 12:45  to 2019-08-25 13:00,0.016,,
2019-08-25 13:00  to 2019-08-25 13:15,0.024,,
2019-08-25 13:15  to 2019-08-25 13:30,0.014,,
2019-08-25 13:30  to 2019-08-25 13:45,0.097,,
2019-08-25 13:45  to 2019-08-25 14:00,0.091,,
2019-08-25 14:00  to 2019-08-25 14:15,0.018,,
2019-08-25 14:15  to 2019-08-25 14:30,0.135,,
2019-08-25 14:30  to 2019-08-25 14:45,0.097,,
2019-08-25 14:45  to 2019-08-25 15:00,0.043,,
2019-08-25 15:00  to 2019-08-25 15:15,0.000,,
2019-08-25 15:15  to 2019-08-25 15:30,0.000,,
2019-08-25 15:30  to 2019-08-25 15:45,0.000,,
2019-08-25 15:45  to 2019-08-25 16:00,0.000,,
2019-08-25 16:00  to 2019-08-25 16:15,0.000,,
2019-08-25 16:15  to 2019-08-25 16:30,0.000,,
2019-08-25 16:30  to 2019-08-25 16:45,0.011,,
2019-08-25 16:45  to 2019-08-25 17:00,0.014,,
2019-08-25 17:00  to 2019-08-25 17:15,0.020,,
2019-08-25 17:15  to 2019-08-25 17:30,0.041,,
2019-08-25 17:30  to 2019-08-25 17:45,0.047,,
2019-08-25 17:45  to 2019-08-25 18:00,0.060,,
2019-08-25 18:00  to 2019-08-25 18:15,0.200,,
2019-08-25 18:15  to 2019-08-25 18:30,0.258,,
2019-08-25 18:30  to 2019-08-25 18:45,0.283,,
2019-08-25 18:45  to 2019-08-25 19:00,0.317,,
2019-08-25 19:00  to 2019-08-25 19:15,0.320,,
2019-08-25 19:15  to 2019-08-25 19:30,0.468,,
2019-08-25 19:30  to 2019-08-25 19:45,0.241,,
2019-08-25 19:45  to 2019-08-25 20:00,0.121,,
2019-08-25 20:00  to 2019-08-25 20:15,0.180,,
2019-08-25 20:15  to 2019-08-25 20:30,0.413,,
2019-08-25 20:30  to 2019-08-25 20:45,0.287,,
2019-08-25 20:45  to 2019-08-25 21:00,0.172,,
2019-08-25 21:00  to 2019-08-25 21:15,0.165,,
2019-08-25 21:15  to 2019-08-25 21:30,0.279,,
2019-08-25 21:30  to 2019-08-25 21:45,0.157,,
2019-08-25 21:45  to 2019-08-25 22:00,0.164,,
2019-08-25 22:00  to 2019-08-25 22:15,0.134,,
2019-08-25 22:15  to 2019-08-25 22:30,0.247,,
2019-08-25 22:30  to 2019-08-25 22:45,0.272,,
2019-08-25 22:45  to 2019-08-25 23:00,0.127,,
2019-08-25 23:00  to 2019-08-25 23:15,0.148,,
2019-08-25 23:15  to 2019-08-25 23:30,0.196,,
2019-08-25 23:30  to 2019-08-25 23:45,0.322,,
2019-08-25 23:45  to 2019-08-26 00:00,0.124,,

========================================
Interval Blockdata for period starting:, 2019-08-26 00:00  for 1 day,,
========================================
Energy consumption time period,Usage(KWH),,

   -->
   
   2019-08-26 00:00  to 2019-08-26 00:15,0.122,,
2019-08-26 00:00  to 2019-08-26 00:15,0.122,,
2019-08-26 00:15  to 2019-08-26 00:30,0.181,,
2019-08-26 00:15  to 2019-08-26 00:30,0.181,,
2019-08-26 00:30  to 2019-08-26 00:45,0.320,,
2019-08-26 00:30  to 2019-08-26 00:45,0.320,,
2019-08-26 00:45  to 2019-08-26 01:00,0.154,,
2019-08-26 00:45  to 2019-08-26 01:00,0.154,,
2019-08-26 01:00  to 2019-08-26 01:15,0.146,,
2019-08-26 01:00  to 2019-08-26 01:15,0.146,,
2019-08-26 01:15  to 2019-08-26 01:30,0.137,,
2019-08-26 01:15  to 2019-08-26 01:30,0.137,,
2019-08-26 01:30  to 2019-08-26 01:45,0.216,,
2019-08-26 01:30  to 2019-08-26 01:45,0.216,,
2019-08-26 01:45  to 2019-08-26 02:00,0.233,,
2019-08-26 01:45  to 2019-08-26 02:00,0.233,,
2019-08-26 02:00  to 2019-08-26 02:15,0.127,,
2019-08-26 02:00  to 2019-08-26 02:15,0.127,,
2019-08-26 02:15  to 2019-08-26 02:30,0.137,,
2019-08-26 02:15  to 2019-08-26 02:30,0.137,,
2019-08-26 02:30  to 2019-08-26 02:45,0.191,,
2019-08-26 02:30  to 2019-08-26 02:45,0.191,,
2019-08-26 02:45  to 2019-08-26 03:00,0.254,,
2019-08-26 02:45  to 2019-08-26 03:00,0.254,,
2019-08-26 03:00  to 2019-08-26 03:15,0.160,,
2019-08-26 03:00  to 2019-08-26 03:15,0.160,,
2019-08-26 03:15  to 2019-08-26 03:30,0.148,,
2019-08-26 03:15  to 2019-08-26 03:30,0.148,,
2019-08-26 03:30  to 2019-08-26 03:45,0.207,,
2019-08-26 03:30  to 2019-08-26 03:45,0.207,,
2019-08-26 03:45  to 2019-08-26 04:00,0.289,,
2019-08-26 03:45  to 2019-08-26 04:00,0.289,,
2019-08-26 04:00  to 2019-08-26 04:15,0.137,,
2019-08-26 04:00  to 2019-08-26 04:15,0.137,,
2019-08-26 04:15  to 2019-08-26 04:30,0.137,,
2019-08-26 04:15  to 2019-08-26 04:30,0.137,,
2019-08-26 04:30  to 2019-08-26 04:45,0.205,,
2019-08-26 04:30  to 2019-08-26 04:45,0.205,,
2019-08-26 04:45  to 2019-08-26 05:00,0.316,,
2019-08-26 04:45  to 2019-08-26 05:00,0.316,,
2019-08-26 05:00  to 2019-08-26 05:15,0.119,,
2019-08-26 05:00  to 2019-08-26 05:15,0.119,,
2019-08-26 05:15  to 2019-08-26 05:30,0.127,,
2019-08-26 05:15  to 2019-08-26 05:30,0.127,,
2019-08-26 05:30  to 2019-08-26 05:45,0.127,,
2019-08-26 05:30  to 2019-08-26 05:45,0.127,,
2019-08-26 05:45  to 2019-08-26 06:00,0.044,,
2019-08-26 05:45  to 2019-08-26 06:00,0.044,,
2019-08-26 06:00  to 2019-08-26 06:15,0.065,,
2019-08-26 06:00  to 2019-08-26 06:15,0.065,,
2019-08-26 06:15  to 2019-08-26 06:30,0.113,,
2019-08-26 06:15  to 2019-08-26 06:30,0.113,,
2019-08-26 06:30  to 2019-08-26 06:45,0.050,,
2019-08-26 06:30  to 2019-08-26 06:45,0.050,,
2019-08-26 06:45  to 2019-08-26 07:00,0.037,,
2019-08-26 06:45  to 2019-08-26 07:00,0.037,,
2019-08-26 07:00  to 2019-08-26 07:15,0.052,,
2019-08-26 07:00  to 2019-08-26 07:15,0.052,,
2019-08-26 07:15  to 2019-08-26 07:30,0.026,,
2019-08-26 07:15  to 2019-08-26 07:30,0.026,,
2019-08-26 07:30  to 2019-08-26 07:45,0.252,,
2019-08-26 07:30  to 2019-08-26 07:45,0.252,,
2019-08-26 07:45  to 2019-08-26 08:00,0.154,,
2019-08-26 07:45  to 2019-08-26 08:00,0.154,,
2019-08-26 08:00  to 2019-08-26 08:15,0.153,,
2019-08-26 08:00  to 2019-08-26 08:15,0.153,,
2019-08-26 08:15  to 2019-08-26 08:30,0.045,,
2019-08-26 08:15  to 2019-08-26 08:30,0.045,,
2019-08-26 08:30  to 2019-08-26 08:45,0.146,,
2019-08-26 08:30  to 2019-08-26 08:45,0.146,,
2019-08-26 08:45  to 2019-08-26 09:00,0.512,,
2019-08-26 08:45  to 2019-08-26 09:00,0.512,,
2019-08-26 09:00  to 2019-08-26 09:15,0.278,,
2019-08-26 09:00  to 2019-08-26 09:15,0.278,,
2019-08-26 09:15  to 2019-08-26 09:30,0.107,,
2019-08-26 09:15  to 2019-08-26 09:30,0.107,,
2019-08-26 09:30  to 2019-08-26 09:45,0.077,,
2019-08-26 09:30  to 2019-08-26 09:45,0.077,,
2019-08-26 09:45  to 2019-08-26 10:00,0.158,,
2019-08-26 09:45  to 2019-08-26 10:00,0.158,,
2019-08-26 10:00  to 2019-08-26 10:15,0.041,,
2019-08-26 10:00  to 2019-08-26 10:15,0.041,,
2019-08-26 10:15  to 2019-08-26 10:30,0.000,,
2019-08-26 10:15  to 2019-08-26 10:30,0.000,,
2019-08-26 10:30  to 2019-08-26 10:45,0.000,,
2019-08-26 10:30  to 2019-08-26 10:45,0.000,,
2019-08-26 10:45  to 2019-08-26 11:00,0.000,,
2019-08-26 10:45  to 2019-08-26 11:00,0.000,,
2019-08-26 11:00  to 2019-08-26 11:15,0.000,,
2019-08-26 11:00  to 2019-08-26 11:15,0.000,,
2019-08-26 11:15  to 2019-08-26 11:30,0.000,,
2019-08-26 11:15  to 2019-08-26 11:30,0.000,,
2019-08-26 11:30  to 2019-08-26 11:45,0.000,,
2019-08-26 11:30  to 2019-08-26 11:45,0.000,,
2019-08-26 11:45  to 2019-08-26 12:00,0.003,,
2019-08-26 11:45  to 2019-08-26 12:00,0.003,,
2019-08-26 12:00  to 2019-08-26 12:15,0.000,,
2019-08-26 12:00  to 2019-08-26 12:15,0.000,,
2019-08-26 12:15  to 2019-08-26 12:30,0.000,,
2019-08-26 12:15  to 2019-08-26 12:30,0.000,,
2019-08-26 12:30  to 2019-08-26 12:45,0.000,,
2019-08-26 12:30  to 2019-08-26 12:45,0.000,,
2019-08-26 12:45  to 2019-08-26 13:00,0.000,,
2019-08-26 12:45  to 2019-08-26 13:00,0.000,,
2019-08-26 13:00  to 2019-08-26 13:15,0.016,,
2019-08-26 13:00  to 2019-08-26 13:15,0.016,,
2019-08-26 13:15  to 2019-08-26 13:30,0.038,,
2019-08-26 13:15  to 2019-08-26 13:30,0.038,,
2019-08-26 13:30  to 2019-08-26 13:45,0.032,,
2019-08-26 13:30  to 2019-08-26 13:45,0.032,,
2019-08-26 13:45  to 2019-08-26 14:00,0.000,,
2019-08-26 13:45  to 2019-08-26 14:00,0.000,,
2019-08-26 14:00  to 2019-08-26 14:15,0.000,,
2019-08-26 14:00  to 2019-08-26 14:15,0.000,,
2019-08-26 14:15  to 2019-08-26 14:30,0.000,,
2019-08-26 14:15  to 2019-08-26 14:30,0.000,,
2019-08-26 14:30  to 2019-08-26 14:45,0.000,,
2019-08-26 14:30  to 2019-08-26 14:45,0.000,,
2019-08-26 14:45  to 2019-08-26 15:00,0.019,,
2019-08-26 14:45  to 2019-08-26 15:00,0.019,,
2019-08-26 15:00  to 2019-08-26 15:15,0.147,,
2019-08-26 15:00  to 2019-08-26 15:15,0.147,,
2019-08-26 15:15  to 2019-08-26 15:30,0.364,,
2019-08-26 15:15  to 2019-08-26 15:30,0.364,,
2019-08-26 15:30  to 2019-08-26 15:45,0.184,,
2019-08-26 15:30  to 2019-08-26 15:45,0.184,,
2019-08-26 15:45  to 2019-08-26 16:00,0.047,,
2019-08-26 15:45  to 2019-08-26 16:00,0.047,,
2019-08-26 16:00  to 2019-08-26 16:15,0.022,,
2019-08-26 16:00  to 2019-08-26 16:15,0.022,,
2019-08-26 16:15  to 2019-08-26 16:30,0.232,,
2019-08-26 16:15  to 2019-08-26 16:30,0.232,,
2019-08-26 16:30  to 2019-08-26 16:45,0.239,,
2019-08-26 16:30  to 2019-08-26 16:45,0.239,,
2019-08-26 16:45  to 2019-08-26 17:00,0.166,,
2019-08-26 16:45  to 2019-08-26 17:00,0.166,,
2019-08-26 17:00  to 2019-08-26 17:15,0.165,,
2019-08-26 17:00  to 2019-08-26 17:15,0.165,,
2019-08-26 17:15  to 2019-08-26 17:30,0.158,,
2019-08-26 17:15  to 2019-08-26 17:30,0.158,,
2019-08-26 17:30  to 2019-08-26 17:45,0.066,,
2019-08-26 17:30  to 2019-08-26 17:45,0.066,,
2019-08-26 17:45  to 2019-08-26 18:00,0.080,,
2019-08-26 17:45  to 2019-08-26 18:00,0.080,,
2019-08-26 18:00  to 2019-08-26 18:15,0.070,,
2019-08-26 18:00  to 2019-08-26 18:15,0.070,,
2019-08-26 18:15  to 2019-08-26 18:30,0.041,,
2019-08-26 18:15  to 2019-08-26 18:30,0.041,,
2019-08-26 18:30  to 2019-08-26 18:45,0.061,,
2019-08-26 18:30  to 2019-08-26 18:45,0.061,,
2019-08-26 18:45  to 2019-08-26 19:00,0.199,,
2019-08-26 18:45  to 2019-08-26 19:00,0.199,,
2019-08-26 19:00  to 2019-08-26 19:15,0.260,,
2019-08-26 19:00  to 2019-08-26 19:15,0.260,,
2019-08-26 19:15  to 2019-08-26 19:30,0.194,,
2019-08-26 19:15  to 2019-08-26 19:30,0.194,,
2019-08-26 19:30  to 2019-08-26 19:45,0.135,,
2019-08-26 19:30  to 2019-08-26 19:45,0.135,,
2019-08-26 19:45  to 2019-08-26 20:00,0.433,,
2019-08-26 19:45  to 2019-08-26 20:00,0.433,,
2019-08-26 20:00  to 2019-08-26 20:15,0.343,,
2019-08-26 20:00  to 2019-08-26 20:15,0.343,,
2019-08-26 20:15  to 2019-08-26 20:30,0.301,,
2019-08-26 20:15  to 2019-08-26 20:30,0.301,,
2019-08-26 20:30  to 2019-08-26 20:45,0.251,,
2019-08-26 20:30  to 2019-08-26 20:45,0.251,,
2019-08-26 20:45  to 2019-08-26 21:00,0.187,,
2019-08-26 20:45  to 2019-08-26 21:00,0.187,,
2019-08-26 21:00  to 2019-08-26 21:15,0.204,,
2019-08-26 21:00  to 2019-08-26 21:15,0.204,,
2019-08-26 21:15  to 2019-08-26 21:30,0.230,,
2019-08-26 21:15  to 2019-08-26 21:30,0.230,,
2019-08-26 21:30  to 2019-08-26 21:45,0.277,,
2019-08-26 21:30  to 2019-08-26 21:45,0.277,,
2019-08-26 21:45  to 2019-08-26 22:00,0.284,,
2019-08-26 21:45  to 2019-08-26 22:00,0.284,,
2019-08-26 22:00  to 2019-08-26 22:15,0.283,,
2019-08-26 22:00  to 2019-08-26 22:15,0.283,,
2019-08-26 22:15  to 2019-08-26 22:30,0.348,,
2019-08-26 22:15  to 2019-08-26 22:30,0.348,,
2019-08-26 22:30  to 2019-08-26 22:45,0.334,,
2019-08-26 22:30  to 2019-08-26 22:45,0.334,,
2019-08-26 22:45  to 2019-08-26 23:00,0.292,,
2019-08-26 22:45  to 2019-08-26 23:00,0.292,,
2019-08-26 23:00  to 2019-08-26 23:15,0.098,,
2019-08-26 23:00  to 2019-08-26 23:15,0.098,,
2019-08-26 23:15  to 2019-08-26 23:30,0.230,,
2019-08-26 23:15  to 2019-08-26 23:30,0.230,,
2019-08-26 23:30  to 2019-08-26 23:45,0.244,,
2019-08-26 23:30  to 2019-08-26 23:45,0.244,,
2019-08-26 23:45  to 2019-08-27 00:00,0.146,,
2019-08-26 23:45  to 2019-08-27 00:00,0.146,,

========================================
Interval Blockdata for period starting:, 2019-08-27 00:00  for 1 day,,
========================================
Energy consumption time period,Usage(KWH),,

   -->
   
   2019-08-27 00:00  to 2019-08-27 00:15,0.140,,
2019-08-27 00:15  to 2019-08-27 00:30,0.204,,
2019-08-27 00:30  to 2019-08-27 00:45,0.286,,
2019-08-27 00:45  to 2019-08-27 01:00,0.154,,
2019-08-27 01:00  to 2019-08-27 01:15,0.178,,
2019-08-27 01:15  to 2019-08-27 01:30,0.127,,
2019-08-27 01:30  to 2019-08-27 01:45,0.297,,
2019-08-27 01:45  to 2019-08-27 02:00,0.172,,
2019-08-27 02:00  to 2019-08-27 02:15,0.148,,
2019-08-27 02:15  to 2019-08-27 02:30,0.125,,
2019-08-27 02:30  to 2019-08-27 02:45,0.302,,
2019-08-27 02:45  to 2019-08-27 03:00,0.161,,
2019-08-27 03:00  to 2019-08-27 03:15,0.130,,
2019-08-27 03:15  to 2019-08-27 03:30,0.121,,
2019-08-27 03:30  to 2019-08-27 03:45,0.282,,
2019-08-27 03:45  to 2019-08-27 04:00,0.159,,
2019-08-27 04:00  to 2019-08-27 04:15,0.122,,
2019-08-27 04:15  to 2019-08-27 04:30,0.133,,
2019-08-27 04:30  to 2019-08-27 04:45,0.234,,
2019-08-27 04:45  to 2019-08-27 05:00,0.236,,
2019-08-27 05:00  to 2019-08-27 05:15,0.199,,
2019-08-27 05:15  to 2019-08-27 05:30,0.233,,
2019-08-27 05:30  to 2019-08-27 05:45,0.196,,
2019-08-27 05:45  to 2019-08-27 06:00,0.211,,
2019-08-27 06:00  to 2019-08-27 06:15,0.145,,
2019-08-27 06:15  to 2019-08-27 06:30,0.064,,
2019-08-27 06:30  to 2019-08-27 06:45,0.102,,
2019-08-27 06:45  to 2019-08-27 07:00,0.058,,
2019-08-27 07:00  to 2019-08-27 07:15,0.037,,
2019-08-27 07:15  to 2019-08-27 07:30,0.000,,
2019-08-27 07:30  to 2019-08-27 07:45,0.000,,
2019-08-27 07:45  to 2019-08-27 08:00,0.000,,
2019-08-27 08:00  to 2019-08-27 08:15,0.000,,
2019-08-27 08:15  to 2019-08-27 08:30,0.000,,
2019-08-27 08:30  to 2019-08-27 08:45,0.000,,
2019-08-27 08:45  to 2019-08-27 09:00,0.000,,
2019-08-27 09:00  to 2019-08-27 09:15,0.000,,
2019-08-27 09:15  to 2019-08-27 09:30,0.000,,
2019-08-27 09:30  to 2019-08-27 09:45,0.000,,
2019-08-27 09:45  to 2019-08-27 10:00,0.000,,
2019-08-27 10:00  to 2019-08-27 10:15,0.000,,
2019-08-27 10:15  to 2019-08-27 10:30,0.000,,
2019-08-27 10:30  to 2019-08-27 10:45,0.022,,
2019-08-27 10:45  to 2019-08-27 11:00,0.025,,
2019-08-27 11:00  to 2019-08-27 11:15,0.000,,
2019-08-27 11:15  to 2019-08-27 11:30,0.000,,
2019-08-27 11:30  to 2019-08-27 11:45,0.000,,
2019-08-27 11:45  to 2019-08-27 12:00,0.000,,
2019-08-27 12:00  to 2019-08-27 12:15,0.000,,
2019-08-27 12:15  to 2019-08-27 12:30,0.000,,
2019-08-27 12:30  to 2019-08-27 12:45,0.000,,
2019-08-27 12:45  to 2019-08-27 13:00,0.093,,
2019-08-27 13:00  to 2019-08-27 13:15,0.214,,
2019-08-27 13:15  to 2019-08-27 13:30,0.000,,
2019-08-27 13:30  to 2019-08-27 13:45,0.001,,
2019-08-27 13:45  to 2019-08-27 14:00,0.000,,
2019-08-27 14:00  to 2019-08-27 14:15,0.002,,
2019-08-27 14:15  to 2019-08-27 14:30,0.000,,
2019-08-27 14:30  to 2019-08-27 14:45,0.000,,
2019-08-27 14:45  to 2019-08-27 15:00,0.000,,
2019-08-27 15:00  to 2019-08-27 15:15,0.052,,
2019-08-27 15:15  to 2019-08-27 15:30,0.011,,
2019-08-27 15:30  to 2019-08-27 15:45,0.238,,
2019-08-27 15:45  to 2019-08-27 16:00,0.566,,
2019-08-27 16:00  to 2019-08-27 16:15,0.070,,
2019-08-27 16:15  to 2019-08-27 16:30,0.012,,
2019-08-27 16:30  to 2019-08-27 16:45,0.095,,
2019-08-27 16:45  to 2019-08-27 17:00,0.088,,
2019-08-27 17:00  to 2019-08-27 17:15,0.056,,
2019-08-27 17:15  to 2019-08-27 17:30,0.026,,
2019-08-27 17:30  to 2019-08-27 17:45,0.015,,
2019-08-27 17:45  to 2019-08-27 18:00,0.005,,
2019-08-27 18:00  to 2019-08-27 18:15,0.025,,
2019-08-27 18:15  to 2019-08-27 18:30,0.033,,
2019-08-27 18:30  to 2019-08-27 18:45,0.101,,
2019-08-27 18:45  to 2019-08-27 19:00,0.230,,
2019-08-27 19:00  to 2019-08-27 19:15,0.340,,
2019-08-27 19:15  to 2019-08-27 19:30,0.247,,
2019-08-27 19:30  to 2019-08-27 19:45,0.211,,
2019-08-27 19:45  to 2019-08-27 20:00,0.415,,
2019-08-27 20:00  to 2019-08-27 20:15,0.235,,
2019-08-27 20:15  to 2019-08-27 20:30,0.173,,
2019-08-27 20:30  to 2019-08-27 20:45,0.056,,
2019-08-27 20:45  to 2019-08-27 21:00,0.070,,
2019-08-27 21:00  to 2019-08-27 21:15,0.072,,
2019-08-27 21:15  to 2019-08-27 21:30,0.182,,
2019-08-27 21:30  to 2019-08-27 21:45,0.118,,
2019-08-27 21:45  to 2019-08-27 22:00,0.083,,
2019-08-27 22:00  to 2019-08-27 22:15,0.074,,
2019-08-27 22:15  to 2019-08-27 22:30,0.300,,
2019-08-27 22:30  to 2019-08-27 22:45,0.164,,
2019-08-27 22:45  to 2019-08-27 23:00,0.120,,
2019-08-27 23:00  to 2019-08-27 23:15,0.142,,
2019-08-27 23:15  to 2019-08-27 23:30,0.219,,
2019-08-27 23:30  to 2019-08-27 23:45,0.156,,
2019-08-27 23:45  to 2019-08-28 00:00,0.128,,

========================================
Interval Blockdata for period starting:, 2019-08-28 00:00  for 1 day,,
========================================
Energy consumption time period,Usage(KWH),,

   -->
   
   2019-08-28 00:00  to 2019-08-28 00:15,0.023,,
2019-08-28 00:15  to 2019-08-28 00:30,0.137,,
2019-08-28 00:30  to 2019-08-28 00:45,0.115,,
2019-08-28 00:45  to 2019-08-28 01:00,0.036,,
2019-08-28 01:00  to 2019-08-28 01:15,0.036,,
2019-08-28 01:15  to 2019-08-28 01:30,0.025,,
2019-08-28 01:30  to 2019-08-28 01:45,0.172,,
2019-08-28 01:45  to 2019-08-28 02:00,0.056,,
2019-08-28 02:00  to 2019-08-28 02:15,0.063,,
2019-08-28 02:15  to 2019-08-28 02:30,0.054,,
2019-08-28 02:30  to 2019-08-28 02:45,0.153,,
2019-08-28 02:45  to 2019-08-28 03:00,0.211,,
2019-08-28 03:00  to 2019-08-28 03:15,0.127,,
2019-08-28 03:15  to 2019-08-28 03:30,0.142,,
2019-08-28 03:30  to 2019-08-28 03:45,0.085,,
2019-08-28 03:45  to 2019-08-28 04:00,0.137,,
2019-08-28 04:00  to 2019-08-28 04:15,0.056,,
2019-08-28 04:15  to 2019-08-28 04:30,0.179,,
2019-08-28 04:30  to 2019-08-28 04:45,0.035,,
2019-08-28 04:45  to 2019-08-28 05:00,0.023,,
2019-08-28 05:00  to 2019-08-28 05:15,0.050,,
2019-08-28 05:15  to 2019-08-28 05:30,0.023,,
2019-08-28 05:30  to 2019-08-28 05:45,0.029,,
2019-08-28 05:45  to 2019-08-28 06:00,0.039,,
2019-08-28 06:00  to 2019-08-28 06:15,0.010,,
2019-08-28 06:15  to 2019-08-28 06:30,0.188,,
2019-08-28 06:30  to 2019-08-28 06:45,0.140,,
2019-08-28 06:45  to 2019-08-28 07:00,0.076,,
2019-08-28 07:00  to 2019-08-28 07:15,0.022,,
2019-08-28 07:15  to 2019-08-28 07:30,0.000,,
2019-08-28 07:30  to 2019-08-28 07:45,0.000,,
2019-08-28 07:45  to 2019-08-28 08:00,0.000,,
2019-08-28 08:00  to 2019-08-28 08:15,0.000,,
2019-08-28 08:15  to 2019-08-28 08:30,0.000,,
2019-08-28 08:30  to 2019-08-28 08:45,0.000,,
2019-08-28 08:45  to 2019-08-28 09:00,0.000,,
2019-08-28 09:00  to 2019-08-28 09:15,0.000,,
2019-08-28 09:15  to 2019-08-28 09:30,0.000,,
2019-08-28 09:30  to 2019-08-28 09:45,0.000,,
2019-08-28 09:45  to 2019-08-28 10:00,0.000,,
2019-08-28 10:00  to 2019-08-28 10:15,0.000,,
2019-08-28 10:15  to 2019-08-28 10:30,0.026,,
2019-08-28 10:30  to 2019-08-28 10:45,0.013,,
2019-08-28 10:45  to 2019-08-28 11:00,0.000,,
2019-08-28 11:00  to 2019-08-28 11:15,0.000,,
2019-08-28 11:15  to 2019-08-28 11:30,0.000,,
2019-08-28 11:30  to 2019-08-28 11:45,0.000,,
2019-08-28 11:45  to 2019-08-28 12:00,0.000,,
2019-08-28 12:00  to 2019-08-28 12:15,0.000,,
2019-08-28 12:15  to 2019-08-28 12:30,0.000,,
2019-08-28 12:30  to 2019-08-28 12:45,0.000,,
2019-08-28 12:45  to 2019-08-28 13:00,0.000,,
2019-08-28 13:00  to 2019-08-28 13:15,0.000,,
2019-08-28 13:15  to 2019-08-28 13:30,0.000,,
2019-08-28 13:30  to 2019-08-28 13:45,0.000,,
2019-08-28 13:45  to 2019-08-28 14:00,0.000,,
2019-08-28 14:00  to 2019-08-28 14:15,0.000,,
2019-08-28 14:15  to 2019-08-28 14:30,0.071,,
2019-08-28 14:30  to 2019-08-28 14:45,0.088,,
2019-08-28 14:45  to 2019-08-28 15:00,0.291,,
2019-08-28 15:00  to 2019-08-28 15:15,0.251,,
2019-08-28 15:15  to 2019-08-28 15:30,0.246,,
2019-08-28 15:30  to 2019-08-28 15:45,0.209,,
2019-08-28 15:45  to 2019-08-28 16:00,0.000,,
2019-08-28 16:00  to 2019-08-28 16:15,0.001,,
2019-08-28 16:15  to 2019-08-28 16:30,0.000,,
2019-08-28 16:30  to 2019-08-28 16:45,0.000,,
2019-08-28 16:45  to 2019-08-28 17:00,0.008,,
2019-08-28 17:00  to 2019-08-28 17:15,0.137,,
2019-08-28 17:15  to 2019-08-28 17:30,0.140,,
2019-08-28 17:30  to 2019-08-28 17:45,0.387,,
2019-08-28 17:45  to 2019-08-28 18:00,0.091,,
2019-08-28 18:00  to 2019-08-28 18:15,0.071,,
2019-08-28 18:15  to 2019-08-28 18:30,0.356,,
2019-08-28 18:30  to 2019-08-28 18:45,0.437,,
2019-08-28 18:45  to 2019-08-28 19:00,0.123,,
2019-08-28 19:00  to 2019-08-28 19:15,0.068,,
2019-08-28 19:15  to 2019-08-28 19:30,0.194,,
2019-08-28 19:30  to 2019-08-28 19:45,0.035,,
2019-08-28 19:45  to 2019-08-28 20:00,0.058,,
2019-08-28 20:00  to 2019-08-28 20:15,0.035,,
2019-08-28 20:15  to 2019-08-28 20:30,0.218,,
2019-08-28 20:30  to 2019-08-28 20:45,0.207,,
2019-08-28 20:45  to 2019-08-28 21:00,0.132,,
2019-08-28 21:00  to 2019-08-28 21:15,0.144,,
2019-08-28 21:15  to 2019-08-28 21:30,0.331,,
2019-08-28 21:30  to 2019-08-28 21:45,0.151,,
2019-08-28 21:45  to 2019-08-28 22:00,0.194,,
2019-08-28 22:00  to 2019-08-28 22:15,0.155,,
2019-08-28 22:15  to 2019-08-28 22:30,0.395,,
2019-08-28 22:30  to 2019-08-28 22:45,0.338,,
2019-08-28 22:45  to 2019-08-28 23:00,0.318,,
2019-08-28 23:00  to 2019-08-28 23:15,0.291,,
2019-08-28 23:15  to 2019-08-28 23:30,0.350,,
2019-08-28 23:30  to 2019-08-28 23:45,0.298,,
2019-08-28 23:45  to 2019-08-29 00:00,0.109,,

========================================
Interval Blockdata for period starting:, 2019-08-29 00:00  for 1 day,,
========================================
Energy consumption time period,Usage(KWH),,

   -->
   
   2019-08-29 00:00  to 2019-08-29 00:15,0.117,,
2019-08-29 00:15  to 2019-08-29 00:30,0.142,,
2019-08-29 00:30  to 2019-08-29 00:45,0.279,,
2019-08-29 00:45  to 2019-08-29 01:00,0.093,,
2019-08-29 01:00  to 2019-08-29 01:15,0.048,,
2019-08-29 01:15  to 2019-08-29 01:30,0.029,,
2019-08-29 01:30  to 2019-08-29 01:45,0.153,,
2019-08-29 01:45  to 2019-08-29 02:00,0.084,,
2019-08-29 02:00  to 2019-08-29 02:15,0.023,,
2019-08-29 02:15  to 2019-08-29 02:30,0.023,,
2019-08-29 02:30  to 2019-08-29 02:45,0.099,,
2019-08-29 02:45  to 2019-08-29 03:00,0.111,,
2019-08-29 03:00  to 2019-08-29 03:15,0.020,,
2019-08-29 03:15  to 2019-08-29 03:30,0.035,,
2019-08-29 03:30  to 2019-08-29 03:45,0.107,,
2019-08-29 03:45  to 2019-08-29 04:00,0.206,,
2019-08-29 04:00  to 2019-08-29 04:15,0.155,,
2019-08-29 04:15  to 2019-08-29 04:30,0.175,,
2019-08-29 04:30  to 2019-08-29 04:45,0.134,,
2019-08-29 04:45  to 2019-08-29 05:00,0.284,,
2019-08-29 05:00  to 2019-08-29 05:15,0.140,,
2019-08-29 05:15  to 2019-08-29 05:30,0.121,,
2019-08-29 05:30  to 2019-08-29 05:45,0.044,,
2019-08-29 05:45  to 2019-08-29 06:00,0.054,,
2019-08-29 06:00  to 2019-08-29 06:15,0.175,,
2019-08-29 06:15  to 2019-08-29 06:30,0.174,,
2019-08-29 06:30  to 2019-08-29 06:45,0.143,,
2019-08-29 06:45  to 2019-08-29 07:00,0.068,,
2019-08-29 07:00  to 2019-08-29 07:15,0.075,,
2019-08-29 07:15  to 2019-08-29 07:30,0.000,,
2019-08-29 07:30  to 2019-08-29 07:45,0.000,,
2019-08-29 07:45  to 2019-08-29 08:00,0.002,,
2019-08-29 08:00  to 2019-08-29 08:15,0.032,,
2019-08-29 08:15  to 2019-08-29 08:30,0.011,,
2019-08-29 08:30  to 2019-08-29 08:45,0.004,,
2019-08-29 08:45  to 2019-08-29 09:00,0.000,,
2019-08-29 09:00  to 2019-08-29 09:15,0.000,,
2019-08-29 09:15  to 2019-08-29 09:30,0.000,,
2019-08-29 09:30  to 2019-08-29 09:45,0.000,,
2019-08-29 09:45  to 2019-08-29 10:00,0.000,,
2019-08-29 10:00  to 2019-08-29 10:15,0.000,,
2019-08-29 10:15  to 2019-08-29 10:30,0.000,,
2019-08-29 10:30  to 2019-08-29 10:45,0.010,,
2019-08-29 10:45  to 2019-08-29 11:00,0.003,,
2019-08-29 11:00  to 2019-08-29 11:15,0.000,,
2019-08-29 11:15  to 2019-08-29 11:30,0.000,,
2019-08-29 11:30  to 2019-08-29 11:45,0.000,,
2019-08-29 11:45  to 2019-08-29 12:00,0.000,,
2019-08-29 12:00  to 2019-08-29 12:15,0.000,,
2019-08-29 12:15  to 2019-08-29 12:30,0.188,,
2019-08-29 12:30  to 2019-08-29 12:45,0.287,,
2019-08-29 12:45  to 2019-08-29 13:00,0.235,,
2019-08-29 13:00  to 2019-08-29 13:15,0.066,,
2019-08-29 13:15  to 2019-08-29 13:30,0.002,,
2019-08-29 13:30  to 2019-08-29 13:45,0.002,,
2019-08-29 13:45  to 2019-08-29 14:00,0.000,,
2019-08-29 14:00  to 2019-08-29 14:15,0.000,,
2019-08-29 14:15  to 2019-08-29 14:30,0.000,,
2019-08-29 14:30  to 2019-08-29 14:45,0.000,,
2019-08-29 14:45  to 2019-08-29 15:00,0.009,,
2019-08-29 15:00  to 2019-08-29 15:15,0.000,,
2019-08-29 15:15  to 2019-08-29 15:30,0.000,,
2019-08-29 15:30  to 2019-08-29 15:45,0.000,,
2019-08-29 15:45  to 2019-08-29 16:00,0.000,,
2019-08-29 16:00  to 2019-08-29 16:15,0.007,,
2019-08-29 16:15  to 2019-08-29 16:30,0.439,,
2019-08-29 16:30  to 2019-08-29 16:45,0.128,,
2019-08-29 16:45  to 2019-08-29 17:00,0.149,,
2019-08-29 17:00  to 2019-08-29 17:15,0.176,,
2019-08-29 17:15  to 2019-08-29 17:30,0.207,,
2019-08-29 17:30  to 2019-08-29 17:45,0.360,,
2019-08-29 17:45  to 2019-08-29 18:00,0.555,,
2019-08-29 18:00  to 2019-08-29 18:15,0.404,,
2019-08-29 18:15  to 2019-08-29 18:30,0.273,,
2019-08-29 18:30  to 2019-08-29 18:45,0.450,,
2019-08-29 18:45  to 2019-08-29 19:00,0.481,,
2019-08-29 19:00  to 2019-08-29 19:15,0.129,,
2019-08-29 19:15  to 2019-08-29 19:30,0.321,,
2019-08-29 19:30  to 2019-08-29 19:45,0.116,,
2019-08-29 19:45  to 2019-08-29 20:00,0.145,,
2019-08-29 20:00  to 2019-08-29 20:15,0.117,,
2019-08-29 20:15  to 2019-08-29 20:30,0.319,,
2019-08-29 20:30  to 2019-08-29 20:45,0.084,,
2019-08-29 20:45  to 2019-08-29 21:00,0.061,,
2019-08-29 21:00  to 2019-08-29 21:15,0.046,,
2019-08-29 21:15  to 2019-08-29 21:30,0.175,,
2019-08-29 21:30  to 2019-08-29 21:45,0.043,,
2019-08-29 21:45  to 2019-08-29 22:00,0.072,,
2019-08-29 22:00  to 2019-08-29 22:15,0.089,,
2019-08-29 22:15  to 2019-08-29 22:30,0.236,,
2019-08-29 22:30  to 2019-08-29 22:45,0.172,,
2019-08-29 22:45  to 2019-08-29 23:00,0.164,,
2019-08-29 23:00  to 2019-08-29 23:15,0.135,,
2019-08-29 23:15  to 2019-08-29 23:30,0.165,,
2019-08-29 23:30  to 2019-08-29 23:45,0.234,,
2019-08-29 23:45  to 2019-08-30 00:00,0.070,,

========================================
Interval Blockdata for period starting:, 2019-08-30 00:00  for 1 day,,
========================================
Energy consumption time period,Usage(KWH),,

   -->
   
   2019-08-30 00:00  to 2019-08-30 00:15,0.119,,
2019-08-30 00:15  to 2019-08-30 00:30,0.054,,
2019-08-30 00:30  to 2019-08-30 00:45,0.196,,
2019-08-30 00:45  to 2019-08-30 01:00,0.047,,
2019-08-30 01:00  to 2019-08-30 01:15,0.054,,
2019-08-30 01:15  to 2019-08-30 01:30,0.073,,
2019-08-30 01:30  to 2019-08-30 01:45,0.174,,
2019-08-30 01:45  to 2019-08-30 02:00,0.087,,
2019-08-30 02:00  to 2019-08-30 02:15,0.073,,
2019-08-30 02:15  to 2019-08-30 02:30,0.046,,
2019-08-30 02:30  to 2019-08-30 02:45,0.071,,
2019-08-30 02:45  to 2019-08-30 03:00,0.133,,
2019-08-30 03:00  to 2019-08-30 03:15,0.141,,
2019-08-30 03:15  to 2019-08-30 03:30,0.080,,
2019-08-30 03:30  to 2019-08-30 03:45,0.074,,
2019-08-30 03:45  to 2019-08-30 04:00,0.135,,
2019-08-30 04:00  to 2019-08-30 04:15,0.022,,
2019-08-30 04:15  to 2019-08-30 04:30,0.023,,
2019-08-30 04:30  to 2019-08-30 04:45,0.082,,
2019-08-30 04:45  to 2019-08-30 05:00,0.129,,
2019-08-30 05:00  to 2019-08-30 05:15,0.034,,
2019-08-30 05:15  to 2019-08-30 05:30,0.041,,
2019-08-30 05:30  to 2019-08-30 05:45,0.059,,
2019-08-30 05:45  to 2019-08-30 06:00,0.088,,
2019-08-30 06:00  to 2019-08-30 06:15,0.134,,
2019-08-30 06:15  to 2019-08-30 06:30,0.219,,
2019-08-30 06:30  to 2019-08-30 06:45,0.098,,
2019-08-30 06:45  to 2019-08-30 07:00,0.171,,
2019-08-30 07:00  to 2019-08-30 07:15,0.088,,
2019-08-30 07:15  to 2019-08-30 07:30,0.036,,
2019-08-30 07:30  to 2019-08-30 07:45,0.028,,
2019-08-30 07:45  to 2019-08-30 08:00,0.011,,
2019-08-30 08:00  to 2019-08-30 08:15,0.000,,
2019-08-30 08:15  to 2019-08-30 08:30,0.000,,
2019-08-30 08:30  to 2019-08-30 08:45,0.000,,
2019-08-30 08:45  to 2019-08-30 09:00,0.000,,
2019-08-30 09:00  to 2019-08-30 09:15,0.000,,
2019-08-30 09:15  to 2019-08-30 09:30,0.000,,
2019-08-30 09:30  to 2019-08-30 09:45,0.000,,
2019-08-30 09:45  to 2019-08-30 10:00,0.000,,
2019-08-30 10:00  to 2019-08-30 10:15,0.000,,
2019-08-30 10:15  to 2019-08-30 10:30,0.000,,
2019-08-30 10:30  to 2019-08-30 10:45,0.000,,
2019-08-30 10:45  to 2019-08-30 11:00,0.000,,
2019-08-30 11:00  to 2019-08-30 11:15,0.000,,
2019-08-30 11:15  to 2019-08-30 11:30,0.000,,
2019-08-30 11:30  to 2019-08-30 11:45,0.000,,
2019-08-30 11:45  to 2019-08-30 12:00,0.000,,
2019-08-30 12:00  to 2019-08-30 12:15,0.000,,
2019-08-30 12:15  to 2019-08-30 12:30,0.000,,
2019-08-30 12:30  to 2019-08-30 12:45,0.000,,
2019-08-30 12:45  to 2019-08-30 13:00,0.000,,
2019-08-30 13:00  to 2019-08-30 13:15,0.000,,
2019-08-30 13:15  to 2019-08-30 13:30,0.000,,
2019-08-30 13:30  to 2019-08-30 13:45,0.000,,
2019-08-30 13:45  to 2019-08-30 14:00,0.000,,
2019-08-30 14:00  to 2019-08-30 14:15,0.000,,
2019-08-30 14:15  to 2019-08-30 14:30,0.000,,
2019-08-30 14:30  to 2019-08-30 14:45,0.000,,
2019-08-30 14:45  to 2019-08-30 15:00,0.000,,
2019-08-30 15:00  to 2019-08-30 15:15,0.000,,
2019-08-30 15:15  to 2019-08-30 15:30,0.000,,
2019-08-30 15:30  to 2019-08-30 15:45,0.000,,
2019-08-30 15:45  to 2019-08-30 16:00,0.009,,
2019-08-30 16:00  to 2019-08-30 16:15,0.000,,
2019-08-30 16:15  to 2019-08-30 16:30,0.000,,
2019-08-30 16:30  to 2019-08-30 16:45,0.073,,
2019-08-30 16:45  to 2019-08-30 17:00,0.101,,
2019-08-30 17:00  to 2019-08-30 17:15,0.147,,
2019-08-30 17:15  to 2019-08-30 17:30,0.134,,
2019-08-30 17:30  to 2019-08-30 17:45,0.058,,
2019-08-30 17:45  to 2019-08-30 18:00,0.052,,
2019-08-30 18:00  to 2019-08-30 18:15,0.155,,
2019-08-30 18:15  to 2019-08-30 18:30,0.015,,
2019-08-30 18:30  to 2019-08-30 18:45,0.022,,
2019-08-30 18:45  to 2019-08-30 19:00,0.049,,
2019-08-30 19:00  to 2019-08-30 19:15,0.030,,
2019-08-30 19:15  to 2019-08-30 19:30,0.149,,
2019-08-30 19:30  to 2019-08-30 19:45,0.034,,
2019-08-30 19:45  to 2019-08-30 20:00,0.049,,
2019-08-30 20:00  to 2019-08-30 20:15,0.027,,
2019-08-30 20:15  to 2019-08-30 20:30,0.102,,
2019-08-30 20:30  to 2019-08-30 20:45,0.083,,
2019-08-30 20:45  to 2019-08-30 21:00,0.048,,
2019-08-30 21:00  to 2019-08-30 21:15,0.079,,
2019-08-30 21:15  to 2019-08-30 21:30,0.191,,
2019-08-30 21:30  to 2019-08-30 21:45,0.330,,
2019-08-30 21:45  to 2019-08-30 22:00,0.195,,
2019-08-30 22:00  to 2019-08-30 22:15,0.164,,
2019-08-30 22:15  to 2019-08-30 22:30,0.066,,
2019-08-30 22:30  to 2019-08-30 22:45,0.205,,
2019-08-30 22:45  to 2019-08-30 23:00,0.068,,
2019-08-30 23:00  to 2019-08-30 23:15,0.047,,
2019-08-30 23:15  to 2019-08-30 23:30,0.117,,
2019-08-30 23:30  to 2019-08-30 23:45,0.108,,
2019-08-30 23:45  to 2019-08-31 00:00,0.093,,

========================================
Interval Blockdata for period starting:, 2019-08-31 00:00  for 1 day,,
========================================
Energy consumption time period,Usage(KWH),,

   -->
   
   2019-08-31 00:00  to 2019-08-31 00:15,0.042,,
2019-08-31 00:15  to 2019-08-31 00:30,0.022,,
2019-08-31 00:30  to 2019-08-31 00:45,0.089,,
2019-08-31 00:45  to 2019-08-31 01:00,0.123,,
2019-08-31 01:00  to 2019-08-31 01:15,0.021,,
2019-08-31 01:15  to 2019-08-31 01:30,0.081,,
2019-08-31 01:30  to 2019-08-31 01:45,0.248,,
2019-08-31 01:45  to 2019-08-31 02:00,0.259,,
2019-08-31 02:00  to 2019-08-31 02:15,0.128,,
2019-08-31 02:15  to 2019-08-31 02:30,0.145,,
2019-08-31 02:30  to 2019-08-31 02:45,0.194,,
2019-08-31 02:45  to 2019-08-31 03:00,0.264,,
2019-08-31 03:00  to 2019-08-31 03:15,0.136,,
2019-08-31 03:15  to 2019-08-31 03:30,0.144,,
2019-08-31 03:30  to 2019-08-31 03:45,0.158,,
2019-08-31 03:45  to 2019-08-31 04:00,0.264,,
2019-08-31 04:00  to 2019-08-31 04:15,0.149,,
2019-08-31 04:15  to 2019-08-31 04:30,0.106,,
2019-08-31 04:30  to 2019-08-31 04:45,0.136,,
2019-08-31 04:45  to 2019-08-31 05:00,0.260,,
2019-08-31 05:00  to 2019-08-31 05:15,0.128,,
2019-08-31 05:15  to 2019-08-31 05:30,0.095,,
2019-08-31 05:30  to 2019-08-31 05:45,0.119,,
2019-08-31 05:45  to 2019-08-31 06:00,0.119,,
2019-08-31 06:00  to 2019-08-31 06:15,0.022,,
2019-08-31 06:15  to 2019-08-31 06:30,0.065,,
2019-08-31 06:30  to 2019-08-31 06:45,0.145,,
2019-08-31 06:45  to 2019-08-31 07:00,0.002,,
2019-08-31 07:00  to 2019-08-31 07:15,0.007,,
2019-08-31 07:15  to 2019-08-31 07:30,0.013,,
2019-08-31 07:30  to 2019-08-31 07:45,0.017,,
2019-08-31 07:45  to 2019-08-31 08:00,0.052,,
2019-08-31 08:00  to 2019-08-31 08:15,0.040,,
2019-08-31 08:15  to 2019-08-31 08:30,0.035,,
2019-08-31 08:30  to 2019-08-31 08:45,0.071,,
2019-08-31 08:45  to 2019-08-31 09:00,0.231,,
2019-08-31 09:00  to 2019-08-31 09:15,0.006,,
2019-08-31 09:15  to 2019-08-31 09:30,0.000,,
2019-08-31 09:30  to 2019-08-31 09:45,0.000,,
2019-08-31 09:45  to 2019-08-31 10:00,0.000,,
2019-08-31 10:00  to 2019-08-31 10:15,0.000,,
2019-08-31 10:15  to 2019-08-31 10:30,0.017,,
2019-08-31 10:30  to 2019-08-31 10:45,0.000,,
2019-08-31 10:45  to 2019-08-31 11:00,0.000,,
2019-08-31 11:00  to 2019-08-31 11:15,0.000,,
2019-08-31 11:15  to 2019-08-31 11:30,0.000,,
2019-08-31 11:30  to 2019-08-31 11:45,0.000,,
2019-08-31 11:45  to 2019-08-31 12:00,0.000,,
2019-08-31 12:00  to 2019-08-31 12:15,0.000,,
2019-08-31 12:15  to 2019-08-31 12:30,0.000,,
2019-08-31 12:30  to 2019-08-31 12:45,0.000,,
2019-08-31 12:45  to 2019-08-31 13:00,0.071,,
2019-08-31 13:00  to 2019-08-31 13:15,0.054,,
2019-08-31 13:15  to 2019-08-31 13:30,0.050,,
2019-08-31 13:30  to 2019-08-31 13:45,0.000,,
2019-08-31 13:45  to 2019-08-31 14:00,0.000,,
2019-08-31 14:00  to 2019-08-31 14:15,0.000,,
2019-08-31 14:15  to 2019-08-31 14:30,0.000,,
2019-08-31 14:30  to 2019-08-31 14:45,0.000,,
2019-08-31 14:45  to 2019-08-31 15:00,0.002,,
2019-08-31 15:00  to 2019-08-31 15:15,0.004,,
2019-08-31 15:15  to 2019-08-31 15:30,0.000,,
2019-08-31 15:30  to 2019-08-31 15:45,0.000,,
2019-08-31 15:45  to 2019-08-31 16:00,0.000,,
2019-08-31 16:00  to 2019-08-31 16:15,0.000,,
2019-08-31 16:15  to 2019-08-31 16:30,0.088,,
2019-08-31 16:30  to 2019-08-31 16:45,0.120,,
2019-08-31 16:45  to 2019-08-31 17:00,0.098,,
2019-08-31 17:00  to 2019-08-31 17:15,0.100,,
2019-08-31 17:15  to 2019-08-31 17:30,0.045,,
2019-08-31 17:30  to 2019-08-31 17:45,0.022,,
2019-08-31 17:45  to 2019-08-31 18:00,0.021,,
2019-08-31 18:00  to 2019-08-31 18:15,0.045,,
2019-08-31 18:15  to 2019-08-31 18:30,0.071,,
2019-08-31 18:30  to 2019-08-31 18:45,0.043,,
2019-08-31 18:45  to 2019-08-31 19:00,0.043,,
2019-08-31 19:00  to 2019-08-31 19:15,0.059,,
2019-08-31 19:15  to 2019-08-31 19:30,0.189,,
2019-08-31 19:30  to 2019-08-31 19:45,0.045,,
2019-08-31 19:45  to 2019-08-31 20:00,0.043,,
2019-08-31 20:00  to 2019-08-31 20:15,0.149,,
2019-08-31 20:15  to 2019-08-31 20:30,0.322,,
2019-08-31 20:30  to 2019-08-31 20:45,0.170,,
2019-08-31 20:45  to 2019-08-31 21:00,0.280,,
2019-08-31 21:00  to 2019-08-31 21:15,0.301,,
2019-08-31 21:15  to 2019-08-31 21:30,0.356,,
2019-08-31 21:30  to 2019-08-31 21:45,0.106,,
2019-08-31 21:45  to 2019-08-31 22:00,0.140,,
2019-08-31 22:00  to 2019-08-31 22:15,0.097,,
2019-08-31 22:15  to 2019-08-31 22:30,0.252,,
2019-08-31 22:30  to 2019-08-31 22:45,0.181,,
2019-08-31 22:45  to 2019-08-31 23:00,0.145,,
2019-08-31 23:00  to 2019-08-31 23:15,0.098,,
2019-08-31 23:15  to 2019-08-31 23:30,0.207,,
2019-08-31 23:30  to 2019-08-31 23:45,0.248,,
2019-08-31 23:45  to 2019-09-01 00:00,0.139,,

========================================
Interval Blockdata for period starting:, 2019-09-01 00:00  for 1 day,,
========================================
Energy consumption time period,Usage(KWH),,

   -->
   
   2019-09-01 00:00  to 2019-09-01 00:15,0.108,,
2019-09-01 00:15  to 2019-09-01 00:30,0.187,,
2019-09-01 00:30  to 2019-09-01 00:45,0.249,,
2019-09-01 00:45  to 2019-09-01 01:00,0.146,,
2019-09-01 01:00  to 2019-09-01 01:15,0.122,,
2019-09-01 01:15  to 2019-09-01 01:30,0.182,,
2019-09-01 01:30  to 2019-09-01 01:45,0.248,,
2019-09-01 01:45  to 2019-09-01 02:00,0.121,,
2019-09-01 02:00  to 2019-09-01 02:15,0.137,,
2019-09-01 02:15  to 2019-09-01 02:30,0.180,,
2019-09-01 02:30  to 2019-09-01 02:45,0.167,,
2019-09-01 02:45  to 2019-09-01 03:00,0.061,,
2019-09-01 03:00  to 2019-09-01 03:15,0.080,,
2019-09-01 03:15  to 2019-09-01 03:30,0.098,,
2019-09-01 03:30  to 2019-09-01 03:45,0.035,,
2019-09-01 03:45  to 2019-09-01 04:00,0.040,,
2019-09-01 04:00  to 2019-09-01 04:15,0.027,,
2019-09-01 04:15  to 2019-09-01 04:30,0.148,,
2019-09-01 04:30  to 2019-09-01 04:45,0.033,,
2019-09-01 04:45  to 2019-09-01 05:00,0.043,,
2019-09-01 05:00  to 2019-09-01 05:15,0.020,,
2019-09-01 05:15  to 2019-09-01 05:30,0.054,,
2019-09-01 05:30  to 2019-09-01 05:45,0.174,,
2019-09-01 05:45  to 2019-09-01 06:00,0.153,,
2019-09-01 06:00  to 2019-09-01 06:15,0.134,,
2019-09-01 06:15  to 2019-09-01 06:30,0.152,,
2019-09-01 06:30  to 2019-09-01 06:45,0.294,,
2019-09-01 06:45  to 2019-09-01 07:00,0.058,,
2019-09-01 07:00  to 2019-09-01 07:15,0.056,,
2019-09-01 07:15  to 2019-09-01 07:30,0.252,,
2019-09-01 07:30  to 2019-09-01 07:45,0.322,,
2019-09-01 07:45  to 2019-09-01 08:00,0.019,,
2019-09-01 08:00  to 2019-09-01 08:15,0.000,,
2019-09-01 08:15  to 2019-09-01 08:30,0.000,,
2019-09-01 08:30  to 2019-09-01 08:45,0.000,,
2019-09-01 08:45  to 2019-09-01 09:00,0.000,,
2019-09-01 09:00  to 2019-09-01 09:15,0.000,,
2019-09-01 09:15  to 2019-09-01 09:30,0.007,,
2019-09-01 09:30  to 2019-09-01 09:45,0.046,,
2019-09-01 09:45  to 2019-09-01 10:00,0.019,,
2019-09-01 10:00  to 2019-09-01 10:15,0.000,,
2019-09-01 10:15  to 2019-09-01 10:30,0.000,,
2019-09-01 10:30  to 2019-09-01 10:45,0.000,,
2019-09-01 10:45  to 2019-09-01 11:00,0.000,,
2019-09-01 11:00  to 2019-09-01 11:15,0.000,,
2019-09-01 11:15  to 2019-09-01 11:30,0.000,,
2019-09-01 11:30  to 2019-09-01 11:45,0.000,,
2019-09-01 11:45  to 2019-09-01 12:00,0.000,,
2019-09-01 12:00  to 2019-09-01 12:15,0.000,,
2019-09-01 12:15  to 2019-09-01 12:30,0.000,,
2019-09-01 12:30  to 2019-09-01 12:45,0.000,,
2019-09-01 12:45  to 2019-09-01 13:00,0.000,,
2019-09-01 13:00  to 2019-09-01 13:15,0.000,,
2019-09-01 13:15  to 2019-09-01 13:30,0.007,,
2019-09-01 13:30  to 2019-09-01 13:45,0.126,,
2019-09-01 13:45  to 2019-09-01 14:00,0.041,,
2019-09-01 14:00  to 2019-09-01 14:15,0.012,,
2019-09-01 14:15  to 2019-09-01 14:30,0.007,,
2019-09-01 14:30  to 2019-09-01 14:45,0.000,,
2019-09-01 14:45  to 2019-09-01 15:00,0.000,,
2019-09-01 15:00  to 2019-09-01 15:15,0.000,,
2019-09-01 15:15  to 2019-09-01 15:30,0.000,,
2019-09-01 15:30  to 2019-09-01 15:45,0.000,,
2019-09-01 15:45  to 2019-09-01 16:00,0.000,,
2019-09-01 16:00  to 2019-09-01 16:15,0.000,,
2019-09-01 16:15  to 2019-09-01 16:30,0.000,,
2019-09-01 16:30  to 2019-09-01 16:45,0.047,,
2019-09-01 16:45  to 2019-09-01 17:00,0.036,,
2019-09-01 17:00  to 2019-09-01 17:15,0.070,,
2019-09-01 17:15  to 2019-09-01 17:30,0.110,,
2019-09-01 17:30  to 2019-09-01 17:45,0.130,,
2019-09-01 17:45  to 2019-09-01 18:00,0.232,,
2019-09-01 18:00  to 2019-09-01 18:15,0.265,,
2019-09-01 18:15  to 2019-09-01 18:30,0.310,,
2019-09-01 18:30  to 2019-09-01 18:45,0.293,,
2019-09-01 18:45  to 2019-09-01 19:00,0.257,,
2019-09-01 19:00  to 2019-09-01 19:15,0.148,,
2019-09-01 19:15  to 2019-09-01 19:30,0.479,,
2019-09-01 19:30  to 2019-09-01 19:45,0.236,,
2019-09-01 19:45  to 2019-09-01 20:00,0.171,,
2019-09-01 20:00  to 2019-09-01 20:15,0.138,,
2019-09-01 20:15  to 2019-09-01 20:30,0.226,,
2019-09-01 20:30  to 2019-09-01 20:45,0.254,,
2019-09-01 20:45  to 2019-09-01 21:00,0.204,,
2019-09-01 21:00  to 2019-09-01 21:15,0.181,,
2019-09-01 21:15  to 2019-09-01 21:30,0.286,,
2019-09-01 21:30  to 2019-09-01 21:45,0.350,,
2019-09-01 21:45  to 2019-09-01 22:00,0.232,,
2019-09-01 22:00  to 2019-09-01 22:15,0.235,,
2019-09-01 22:15  to 2019-09-01 22:30,0.199,,
2019-09-01 22:30  to 2019-09-01 22:45,0.355,,
2019-09-01 22:45  to 2019-09-01 23:00,0.184,,
2019-09-01 23:00  to 2019-09-01 23:15,0.134,,
2019-09-01 23:15  to 2019-09-01 23:30,0.150,,
2019-09-01 23:30  to 2019-09-01 23:45,0.303,,
2019-09-01 23:45  to 2019-09-02 00:00,0.163,,

========================================
Interval Blockdata for period starting:, 2019-09-02 00:00  for 1 day,,
========================================
Energy consumption time period,Usage(KWH),,

   -->
   
   2019-09-02 00:00  to 2019-09-02 00:15,0.153,,
2019-09-02 00:15  to 2019-09-02 00:30,0.129,,
2019-09-02 00:30  to 2019-09-02 00:45,0.208,,
2019-09-02 00:45  to 2019-09-02 01:00,0.221,,
2019-09-02 01:00  to 2019-09-02 01:15,0.095,,
2019-09-02 01:15  to 2019-09-02 01:30,0.024,,
2019-09-02 01:30  to 2019-09-02 01:45,0.089,,
2019-09-02 01:45  to 2019-09-02 02:00,0.123,,
2019-09-02 02:00  to 2019-09-02 02:15,0.027,,
2019-09-02 02:15  to 2019-09-02 02:30,0.051,,
2019-09-02 02:30  to 2019-09-02 02:45,0.059,,
2019-09-02 02:45  to 2019-09-02 03:00,0.128,,
2019-09-02 03:00  to 2019-09-02 03:15,0.046,,
2019-09-02 03:15  to 2019-09-02 03:30,0.021,,
2019-09-02 03:30  to 2019-09-02 03:45,0.048,,
2019-09-02 03:45  to 2019-09-02 04:00,0.249,,
2019-09-02 04:00  to 2019-09-02 04:15,0.206,,
2019-09-02 04:15  to 2019-09-02 04:30,0.167,,
2019-09-02 04:30  to 2019-09-02 04:45,0.171,,
2019-09-02 04:45  to 2019-09-02 05:00,0.244,,
2019-09-02 05:00  to 2019-09-02 05:15,0.211,,
2019-09-02 05:15  to 2019-09-02 05:30,0.155,,
2019-09-02 05:30  to 2019-09-02 05:45,0.127,,
2019-09-02 05:45  to 2019-09-02 06:00,0.133,,
2019-09-02 06:00  to 2019-09-02 06:15,0.106,,
2019-09-02 06:15  to 2019-09-02 06:30,0.088,,
2019-09-02 06:30  to 2019-09-02 06:45,0.282,,
2019-09-02 06:45  to 2019-09-02 07:00,0.398,,
2019-09-02 07:00  to 2019-09-02 07:15,0.099,,
2019-09-02 07:15  to 2019-09-02 07:30,0.033,,
2019-09-02 07:30  to 2019-09-02 07:45,0.145,,
2019-09-02 07:45  to 2019-09-02 08:00,0.053,,
2019-09-02 08:00  to 2019-09-02 08:15,0.000,,
2019-09-02 08:15  to 2019-09-02 08:30,0.000,,
2019-09-02 08:30  to 2019-09-02 08:45,0.078,,
2019-09-02 08:45  to 2019-09-02 09:00,0.024,,
2019-09-02 09:00  to 2019-09-02 09:15,0.051,,
2019-09-02 09:15  to 2019-09-02 09:30,0.126,,
2019-09-02 09:30  to 2019-09-02 09:45,0.101,,
2019-09-02 09:45  to 2019-09-02 10:00,0.041,,
2019-09-02 10:00  to 2019-09-02 10:15,0.002,,
2019-09-02 10:15  to 2019-09-02 10:30,0.004,,
2019-09-02 10:30  to 2019-09-02 10:45,0.001,,
2019-09-02 10:45  to 2019-09-02 11:00,0.000,,
2019-09-02 11:00  to 2019-09-02 11:15,0.000,,
2019-09-02 11:15  to 2019-09-02 11:30,0.132,,
2019-09-02 11:30  to 2019-09-02 11:45,0.071,,
2019-09-02 11:45  to 2019-09-02 12:00,0.000,,
2019-09-02 12:00  to 2019-09-02 12:15,0.007,,
2019-09-02 12:15  to 2019-09-02 12:30,0.000,,
2019-09-02 12:30  to 2019-09-02 12:45,0.000,,
2019-09-02 12:45  to 2019-09-02 13:00,0.000,,
2019-09-02 13:00  to 2019-09-02 13:15,0.000,,
2019-09-02 13:15  to 2019-09-02 13:30,0.000,,
2019-09-02 13:30  to 2019-09-02 13:45,0.000,,
2019-09-02 13:45  to 2019-09-02 14:00,0.015,,
2019-09-02 14:00  to 2019-09-02 14:15,0.011,,
2019-09-02 14:15  to 2019-09-02 14:30,0.139,,
2019-09-02 14:30  to 2019-09-02 14:45,0.188,,
2019-09-02 14:45  to 2019-09-02 15:00,0.087,,
2019-09-02 15:00  to 2019-09-02 15:15,0.103,,
2019-09-02 15:15  to 2019-09-02 15:30,0.000,,
2019-09-02 15:30  to 2019-09-02 15:45,0.000,,
2019-09-02 15:45  to 2019-09-02 16:00,0.500,,
2019-09-02 16:00  to 2019-09-02 16:15,0.260,,
2019-09-02 16:15  to 2019-09-02 16:30,0.308,,
2019-09-02 16:30  to 2019-09-02 16:45,0.441,,
2019-09-02 16:45  to 2019-09-02 17:00,0.441,,
2019-09-02 17:00  to 2019-09-02 17:15,0.360,,
2019-09-02 17:15  to 2019-09-02 17:30,0.310,,
2019-09-02 17:30  to 2019-09-02 17:45,0.289,,
2019-09-02 17:45  to 2019-09-02 18:00,0.582,,
2019-09-02 18:00  to 2019-09-02 18:15,0.410,,
2019-09-02 18:15  to 2019-09-02 18:30,0.158,,
2019-09-02 18:30  to 2019-09-02 18:45,0.161,,
2019-09-02 18:45  to 2019-09-02 19:00,0.146,,
2019-09-02 19:00  to 2019-09-02 19:15,0.138,,
2019-09-02 19:15  to 2019-09-02 19:30,0.339,,
2019-09-02 19:30  to 2019-09-02 19:45,0.216,,
2019-09-02 19:45  to 2019-09-02 20:00,0.176,,
2019-09-02 20:00  to 2019-09-02 20:15,0.154,,
2019-09-02 20:15  to 2019-09-02 20:30,0.347,,
2019-09-02 20:30  to 2019-09-02 20:45,0.195,,
2019-09-02 20:45  to 2019-09-02 21:00,0.225,,
2019-09-02 21:00  to 2019-09-02 21:15,0.320,,
2019-09-02 21:15  to 2019-09-02 21:30,0.418,,
2019-09-02 21:30  to 2019-09-02 21:45,0.337,,
2019-09-02 21:45  to 2019-09-02 22:00,0.292,,
2019-09-02 22:00  to 2019-09-02 22:15,0.141,,
2019-09-02 22:15  to 2019-09-02 22:30,0.275,,
2019-09-02 22:30  to 2019-09-02 22:45,0.180,,
2019-09-02 22:45  to 2019-09-02 23:00,0.155,,
2019-09-02 23:00  to 2019-09-02 23:15,0.132,,
2019-09-02 23:15  to 2019-09-02 23:30,0.152,,
2019-09-02 23:30  to 2019-09-02 23:45,0.292,,
2019-09-02 23:45  to 2019-09-03 00:00,0.146,,

========================================
Interval Blockdata for period starting:, 2019-09-03 00:00  for 1 day,,
========================================
Energy consumption time period,Usage(KWH),,

   -->
   
   2019-09-03 00:00  to 2019-09-03 00:15,0.096,,
2019-09-03 00:15  to 2019-09-03 00:30,0.161,,
2019-09-03 00:30  to 2019-09-03 00:45,0.303,,
2019-09-03 00:45  to 2019-09-03 01:00,0.166,,
2019-09-03 01:00  to 2019-09-03 01:15,0.166,,
2019-09-03 01:15  to 2019-09-03 01:30,0.143,,
2019-09-03 01:30  to 2019-09-03 01:45,0.342,,
2019-09-03 01:45  to 2019-09-03 02:00,0.218,,
2019-09-03 02:00  to 2019-09-03 02:15,0.140,,
2019-09-03 02:15  to 2019-09-03 02:30,0.154,,
2019-09-03 02:30  to 2019-09-03 02:45,0.177,,
2019-09-03 02:45  to 2019-09-03 03:00,0.285,,
2019-09-03 03:00  to 2019-09-03 03:15,0.133,,
2019-09-03 03:15  to 2019-09-03 03:30,0.134,,
2019-09-03 03:30  to 2019-09-03 03:45,0.101,,
2019-09-03 03:45  to 2019-09-03 04:00,0.319,,
2019-09-03 04:00  to 2019-09-03 04:15,0.150,,
2019-09-03 04:15  to 2019-09-03 04:30,0.101,,
2019-09-03 04:30  to 2019-09-03 04:45,0.142,,
2019-09-03 04:45  to 2019-09-03 05:00,0.315,,
2019-09-03 05:00  to 2019-09-03 05:15,0.136,,
2019-09-03 05:15  to 2019-09-03 05:30,0.128,,
2019-09-03 05:30  to 2019-09-03 05:45,0.247,,
2019-09-03 05:45  to 2019-09-03 06:00,0.194,,
2019-09-03 06:00  to 2019-09-03 06:15,0.105,,
2019-09-03 06:15  to 2019-09-03 06:30,0.082,,
2019-09-03 06:30  to 2019-09-03 06:45,0.089,,
2019-09-03 06:45  to 2019-09-03 07:00,0.091,,
2019-09-03 07:00  to 2019-09-03 07:15,0.118,,
2019-09-03 07:15  to 2019-09-03 07:30,0.072,,
2019-09-03 07:30  to 2019-09-03 07:45,0.065,,
2019-09-03 07:45  to 2019-09-03 08:00,0.068,,
2019-09-03 08:00  to 2019-09-03 08:15,0.040,,
2019-09-03 08:15  to 2019-09-03 08:30,0.017,,
2019-09-03 08:30  to 2019-09-03 08:45,0.077,,
2019-09-03 08:45  to 2019-09-03 09:00,0.068,,
2019-09-03 09:00  to 2019-09-03 09:15,0.000,,
2019-09-03 09:15  to 2019-09-03 09:30,0.017,,
2019-09-03 09:30  to 2019-09-03 09:45,0.000,,
2019-09-03 09:45  to 2019-09-03 10:00,0.000,,
2019-09-03 10:00  to 2019-09-03 10:15,0.000,,
2019-09-03 10:15  to 2019-09-03 10:30,0.000,,
2019-09-03 10:30  to 2019-09-03 10:45,0.000,,
2019-09-03 10:45  to 2019-09-03 11:00,0.000,,
2019-09-03 11:00  to 2019-09-03 11:15,0.000,,
2019-09-03 11:15  to 2019-09-03 11:30,0.000,,
2019-09-03 11:30  to 2019-09-03 11:45,0.000,,
2019-09-03 11:45  to 2019-09-03 12:00,0.000,,
2019-09-03 12:00  to 2019-09-03 12:15,0.004,,
2019-09-03 12:15  to 2019-09-03 12:30,0.119,,
2019-09-03 12:30  to 2019-09-03 12:45,0.079,,
2019-09-03 12:45  to 2019-09-03 13:00,0.014,,
2019-09-03 13:00  to 2019-09-03 13:15,0.000,,
2019-09-03 13:15  to 2019-09-03 13:30,0.000,,
2019-09-03 13:30  to 2019-09-03 13:45,0.000,,
2019-09-03 13:45  to 2019-09-03 14:00,0.000,,
2019-09-03 14:00  to 2019-09-03 14:15,0.000,,
2019-09-03 14:15  to 2019-09-03 14:30,0.035,,
2019-09-03 14:30  to 2019-09-03 14:45,0.059,,
2019-09-03 14:45  to 2019-09-03 15:00,0.015,,
2019-09-03 15:00  to 2019-09-03 15:15,0.000,,
2019-09-03 15:15  to 2019-09-03 15:30,0.001,,
2019-09-03 15:30  to 2019-09-03 15:45,0.000,,
2019-09-03 15:45  to 2019-09-03 16:00,0.315,,
2019-09-03 16:00  to 2019-09-03 16:15,0.067,,
2019-09-03 16:15  to 2019-09-03 16:30,0.032,,
2019-09-03 16:30  to 2019-09-03 16:45,0.000,,
2019-09-03 16:45  to 2019-09-03 17:00,0.001,,
2019-09-03 17:00  to 2019-09-03 17:15,0.039,,
2019-09-03 17:15  to 2019-09-03 17:30,0.024,,
2019-09-03 17:30  to 2019-09-03 17:45,0.292,,
2019-09-03 17:45  to 2019-09-03 18:00,0.267,,
2019-09-03 18:00  to 2019-09-03 18:15,0.101,,
2019-09-03 18:15  to 2019-09-03 18:30,0.100,,
2019-09-03 18:30  to 2019-09-03 18:45,0.165,,
2019-09-03 18:45  to 2019-09-03 19:00,0.082,,
2019-09-03 19:00  to 2019-09-03 19:15,0.191,,
2019-09-03 19:15  to 2019-09-03 19:30,0.371,,
2019-09-03 19:30  to 2019-09-03 19:45,0.233,,
2019-09-03 19:45  to 2019-09-03 20:00,0.167,,
2019-09-03 20:00  to 2019-09-03 20:15,0.174,,
2019-09-03 20:15  to 2019-09-03 20:30,0.535,,
2019-09-03 20:30  to 2019-09-03 20:45,0.252,,
2019-09-03 20:45  to 2019-09-03 21:00,0.208,,
2019-09-03 21:00  to 2019-09-03 21:15,0.328,,
2019-09-03 21:15  to 2019-09-03 21:30,0.730,,
2019-09-03 21:30  to 2019-09-03 21:45,0.338,,
2019-09-03 21:45  to 2019-09-03 22:00,0.146,,
2019-09-03 22:00  to 2019-09-03 22:15,0.136,,
2019-09-03 22:15  to 2019-09-03 22:30,0.300,,
2019-09-03 22:30  to 2019-09-03 22:45,0.162,,
2019-09-03 22:45  to 2019-09-03 23:00,0.146,,
2019-09-03 23:00  to 2019-09-03 23:15,0.146,,
2019-09-03 23:15  to 2019-09-03 23:30,0.265,,
2019-09-03 23:30  to 2019-09-03 23:45,0.242,,
2019-09-03 23:45  to 2019-09-04 00:00,0.149,,

========================================
Interval Blockdata for period starting:, 2019-09-04 00:00  for 1 day,,
========================================
Energy consumption time period,Usage(KWH),,

   -->
   
   2019-09-04 00:00  to 2019-09-04 00:15,0.138,,
2019-09-04 00:15  to 2019-09-04 00:30,0.195,,
2019-09-04 00:30  to 2019-09-04 00:45,0.298,,
2019-09-04 00:45  to 2019-09-04 01:00,0.156,,
2019-09-04 01:00  to 2019-09-04 01:15,0.148,,
2019-09-04 01:15  to 2019-09-04 01:30,0.106,,
2019-09-04 01:30  to 2019-09-04 01:45,0.315,,
2019-09-04 01:45  to 2019-09-04 02:00,0.160,,
2019-09-04 02:00  to 2019-09-04 02:15,0.113,,
2019-09-04 02:15  to 2019-09-04 02:30,0.135,,
2019-09-04 02:30  to 2019-09-04 02:45,0.204,,
2019-09-04 02:45  to 2019-09-04 03:00,0.223,,
2019-09-04 03:00  to 2019-09-04 03:15,0.136,,
2019-09-04 03:15  to 2019-09-04 03:30,0.111,,
2019-09-04 03:30  to 2019-09-04 03:45,0.168,,
2019-09-04 03:45  to 2019-09-04 04:00,0.260,,
2019-09-04 04:00  to 2019-09-04 04:15,0.100,,
2019-09-04 04:15  to 2019-09-04 04:30,0.101,,
2019-09-04 04:30  to 2019-09-04 04:45,0.132,,
2019-09-04 04:45  to 2019-09-04 05:00,0.139,,
2019-09-04 05:00  to 2019-09-04 05:15,0.054,,
2019-09-04 05:15  to 2019-09-04 05:30,0.081,,
2019-09-04 05:30  to 2019-09-04 05:45,0.056,,
2019-09-04 05:45  to 2019-09-04 06:00,0.051,,
2019-09-04 06:00  to 2019-09-04 06:15,0.163,,
2019-09-04 06:15  to 2019-09-04 06:30,0.151,,
2019-09-04 06:30  to 2019-09-04 06:45,0.020,,
2019-09-04 06:45  to 2019-09-04 07:00,0.032,,
2019-09-04 07:00  to 2019-09-04 07:15,0.041,,
2019-09-04 07:15  to 2019-09-04 07:30,0.031,,
2019-09-04 07:30  to 2019-09-04 07:45,0.185,,
2019-09-04 07:45  to 2019-09-04 08:00,0.001,,
2019-09-04 08:00  to 2019-09-04 08:15,0.020,,
2019-09-04 08:15  to 2019-09-04 08:30,0.194,,
2019-09-04 08:30  to 2019-09-04 08:45,0.126,,
2019-09-04 08:45  to 2019-09-04 09:00,0.000,,
2019-09-04 09:00  to 2019-09-04 09:15,0.000,,
2019-09-04 09:15  to 2019-09-04 09:30,0.000,,
2019-09-04 09:30  to 2019-09-04 09:45,0.000,,
2019-09-04 09:45  to 2019-09-04 10:00,0.000,,
2019-09-04 10:00  to 2019-09-04 10:15,0.000,,
2019-09-04 10:15  to 2019-09-04 10:30,0.000,,
2019-09-04 10:30  to 2019-09-04 10:45,0.000,,
2019-09-04 10:45  to 2019-09-04 11:00,0.009,,
2019-09-04 11:00  to 2019-09-04 11:15,0.011,,
2019-09-04 11:15  to 2019-09-04 11:30,0.000,,
2019-09-04 11:30  to 2019-09-04 11:45,0.000,,
2019-09-04 11:45  to 2019-09-04 12:00,0.000,,
2019-09-04 12:00  to 2019-09-04 12:15,0.000,,
2019-09-04 12:15  to 2019-09-04 12:30,0.000,,
2019-09-04 12:30  to 2019-09-04 12:45,0.000,,
2019-09-04 12:45  to 2019-09-04 13:00,0.000,,
2019-09-04 13:00  to 2019-09-04 13:15,0.000,,
2019-09-04 13:15  to 2019-09-04 13:30,0.000,,
2019-09-04 13:30  to 2019-09-04 13:45,0.000,,
2019-09-04 13:45  to 2019-09-04 14:00,0.000,,
2019-09-04 14:00  to 2019-09-04 14:15,0.010,,
2019-09-04 14:15  to 2019-09-04 14:30,0.003,,
2019-09-04 14:30  to 2019-09-04 14:45,0.026,,
2019-09-04 14:45  to 2019-09-04 15:00,0.062,,
2019-09-04 15:00  to 2019-09-04 15:15,0.047,,
2019-09-04 15:15  to 2019-09-04 15:30,0.019,,
2019-09-04 15:30  to 2019-09-04 15:45,0.000,,
2019-09-04 15:45  to 2019-09-04 16:00,0.000,,
2019-09-04 16:00  to 2019-09-04 16:15,0.048,,
2019-09-04 16:15  to 2019-09-04 16:30,0.177,,
2019-09-04 16:30  to 2019-09-04 16:45,0.156,,
2019-09-04 16:45  to 2019-09-04 17:00,0.149,,
2019-09-04 17:00  to 2019-09-04 17:15,0.029,,
2019-09-04 17:15  to 2019-09-04 17:30,0.154,,
2019-09-04 17:30  to 2019-09-04 17:45,0.052,,
2019-09-04 17:45  to 2019-09-04 18:00,0.024,,
2019-09-04 18:00  to 2019-09-04 18:15,0.075,,
2019-09-04 18:15  to 2019-09-04 18:30,0.189,,
2019-09-04 18:30  to 2019-09-04 18:45,0.190,,
2019-09-04 18:45  to 2019-09-04 19:00,0.052,,
2019-09-04 19:00  to 2019-09-04 19:15,0.054,,
2019-09-04 19:15  to 2019-09-04 19:30,0.170,,
2019-09-04 19:30  to 2019-09-04 19:45,0.030,,
2019-09-04 19:45  to 2019-09-04 20:00,0.050,,
2019-09-04 20:00  to 2019-09-04 20:15,0.068,,
2019-09-04 20:15  to 2019-09-04 20:30,0.165,,
2019-09-04 20:30  to 2019-09-04 20:45,0.108,,
2019-09-04 20:45  to 2019-09-04 21:00,0.128,,
2019-09-04 21:00  to 2019-09-04 21:15,0.063,,
2019-09-04 21:15  to 2019-09-04 21:30,0.320,,
2019-09-04 21:30  to 2019-09-04 21:45,0.231,,
2019-09-04 21:45  to 2019-09-04 22:00,0.179,,
2019-09-04 22:00  to 2019-09-04 22:15,0.197,,
2019-09-04 22:15  to 2019-09-04 22:30,0.235,,
2019-09-04 22:30  to 2019-09-04 22:45,0.262,,
2019-09-04 22:45  to 2019-09-04 23:00,0.140,,
2019-09-04 23:00  to 2019-09-04 23:15,0.127,,
2019-09-04 23:15  to 2019-09-04 23:30,0.156,,
2019-09-04 23:30  to 2019-09-04 23:45,0.308,,
2019-09-04 23:45  to 2019-09-05 00:00,0.131,,

========================================
Interval Blockdata for period starting:, 2019-09-05 00:00  for 1 day,,
========================================
Energy consumption time period,Usage(KWH),,

   -->
   
   2019-09-05 00:00  to 2019-09-05 00:15,0.094,,
2019-09-05 00:15  to 2019-09-05 00:30,0.160,,
2019-09-05 00:30  to 2019-09-05 00:45,0.263,,
2019-09-05 00:45  to 2019-09-05 01:00,0.156,,
2019-09-05 01:00  to 2019-09-05 01:15,0.117,,
2019-09-05 01:15  to 2019-09-05 01:30,0.111,,
2019-09-05 01:30  to 2019-09-05 01:45,0.238,,
2019-09-05 01:45  to 2019-09-05 02:00,0.370,,
2019-09-05 02:00  to 2019-09-05 02:15,0.321,,
2019-09-05 02:15  to 2019-09-05 02:30,0.149,,
2019-09-05 02:30  to 2019-09-05 02:45,0.199,,
2019-09-05 02:45  to 2019-09-05 03:00,0.256,,
2019-09-05 03:00  to 2019-09-05 03:15,0.105,,
2019-09-05 03:15  to 2019-09-05 03:30,0.122,,
2019-09-05 03:30  to 2019-09-05 03:45,0.049,,
2019-09-05 03:45  to 2019-09-05 04:00,0.066,,
2019-09-05 04:00  to 2019-09-05 04:15,0.044,,
2019-09-05 04:15  to 2019-09-05 04:30,0.151,,
2019-09-05 04:30  to 2019-09-05 04:45,0.043,,
2019-09-05 04:45  to 2019-09-05 05:00,0.031,,
2019-09-05 05:00  to 2019-09-05 05:15,0.022,,
2019-09-05 05:15  to 2019-09-05 05:30,0.027,,
2019-09-05 05:30  to 2019-09-05 05:45,0.047,,
2019-09-05 05:45  to 2019-09-05 06:00,0.020,,
2019-09-05 06:00  to 2019-09-05 06:15,0.102,,
2019-09-05 06:15  to 2019-09-05 06:30,0.049,,
2019-09-05 06:30  to 2019-09-05 06:45,0.095,,
2019-09-05 06:45  to 2019-09-05 07:00,0.110,,
2019-09-05 07:00  to 2019-09-05 07:15,0.022,,
2019-09-05 07:15  to 2019-09-05 07:30,0.001,,
2019-09-05 07:30  to 2019-09-05 07:45,0.000,,
2019-09-05 07:45  to 2019-09-05 08:00,0.000,,
2019-09-05 08:00  to 2019-09-05 08:15,0.000,,
2019-09-05 08:15  to 2019-09-05 08:30,0.000,,
2019-09-05 08:30  to 2019-09-05 08:45,0.000,,
2019-09-05 08:45  to 2019-09-05 09:00,0.000,,
2019-09-05 09:00  to 2019-09-05 09:15,0.000,,
2019-09-05 09:15  to 2019-09-05 09:30,0.000,,
2019-09-05 09:30  to 2019-09-05 09:45,0.000,,
2019-09-05 09:45  to 2019-09-05 10:00,0.000,,
2019-09-05 10:00  to 2019-09-05 10:15,0.000,,
2019-09-05 10:15  to 2019-09-05 10:30,0.000,,
2019-09-05 10:30  to 2019-09-05 10:45,0.000,,
2019-09-05 10:45  to 2019-09-05 11:00,0.000,,
2019-09-05 11:00  to 2019-09-05 11:15,0.000,,
2019-09-05 11:15  to 2019-09-05 11:30,0.000,,
2019-09-05 11:30  to 2019-09-05 11:45,0.000,,
2019-09-05 11:45  to 2019-09-05 12:00,0.000,,
2019-09-05 12:00  to 2019-09-05 12:15,0.000,,
2019-09-05 12:15  to 2019-09-05 12:30,0.000,,
2019-09-05 12:30  to 2019-09-05 12:45,0.000,,
2019-09-05 12:45  to 2019-09-05 13:00,0.000,,
2019-09-05 13:00  to 2019-09-05 13:15,0.003,,
2019-09-05 13:15  to 2019-09-05 13:30,0.001,,
2019-09-05 13:30  to 2019-09-05 13:45,0.000,,
2019-09-05 13:45  to 2019-09-05 14:00,0.000,,
2019-09-05 14:00  to 2019-09-05 14:15,0.000,,
2019-09-05 14:15  to 2019-09-05 14:30,0.000,,
2019-09-05 14:30  to 2019-09-05 14:45,0.000,,
2019-09-05 14:45  to 2019-09-05 15:00,0.000,,
2019-09-05 15:00  to 2019-09-05 15:15,0.000,,
2019-09-05 15:15  to 2019-09-05 15:30,0.004,,
2019-09-05 15:30  to 2019-09-05 15:45,0.007,,
2019-09-05 15:45  to 2019-09-05 16:00,0.139,,
2019-09-05 16:00  to 2019-09-05 16:15,0.027,,
2019-09-05 16:15  to 2019-09-05 16:30,0.035,,
2019-09-05 16:30  to 2019-09-05 16:45,0.107,,
2019-09-05 16:45  to 2019-09-05 17:00,0.107,,
2019-09-05 17:00  to 2019-09-05 17:15,0.196,,
2019-09-05 17:15  to 2019-09-05 17:30,0.151,,
2019-09-05 17:30  to 2019-09-05 17:45,0.035,,
2019-09-05 17:45  to 2019-09-05 18:00,0.010,,
2019-09-05 18:00  to 2019-09-05 18:15,0.050,,
2019-09-05 18:15  to 2019-09-05 18:30,0.163,,
2019-09-05 18:30  to 2019-09-05 18:45,0.159,,
2019-09-05 18:45  to 2019-09-05 19:00,0.177,,
2019-09-05 19:00  to 2019-09-05 19:15,0.165,,
2019-09-05 19:15  to 2019-09-05 19:30,0.157,,
2019-09-05 19:30  to 2019-09-05 19:45,0.161,,
2019-09-05 19:45  to 2019-09-05 20:00,0.108,,
2019-09-05 20:00  to 2019-09-05 20:15,0.107,,
2019-09-05 20:15  to 2019-09-05 20:30,0.144,,
2019-09-05 20:30  to 2019-09-05 20:45,0.136,,
2019-09-05 20:45  to 2019-09-05 21:00,0.035,,
2019-09-05 21:00  to 2019-09-05 21:15,0.055,,
2019-09-05 21:15  to 2019-09-05 21:30,0.032,,
2019-09-05 21:30  to 2019-09-05 21:45,0.035,,
2019-09-05 21:45  to 2019-09-05 22:00,0.052,,
2019-09-05 22:00  to 2019-09-05 22:15,0.024,,
2019-09-05 22:15  to 2019-09-05 22:30,0.031,,
2019-09-05 22:30  to 2019-09-05 22:45,0.050,,
2019-09-05 22:45  to 2019-09-05 23:00,0.021,,
2019-09-05 23:00  to 2019-09-05 23:15,0.027,,
2019-09-05 23:15  to 2019-09-05 23:30,0.059,,
2019-09-05 23:30  to 2019-09-05 23:45,0.103,,
2019-09-05 23:45  to 2019-09-06 00:00,0.191,,

========================================
Interval Blockdata for period starting:, 2019-09-06 00:00  for 1 day,,
========================================
Energy consumption time period,Usage(KWH),,

   -->
   
   2019-09-06 00:00  to 2019-09-06 00:15,0.175,,
2019-09-06 00:15  to 2019-09-06 00:30,0.140,,
2019-09-06 00:30  to 2019-09-06 00:45,0.127,,
2019-09-06 00:45  to 2019-09-06 01:00,0.064,,
2019-09-06 01:00  to 2019-09-06 01:15,0.064,,
2019-09-06 01:15  to 2019-09-06 01:30,0.158,,
2019-09-06 01:30  to 2019-09-06 01:45,0.065,,
2019-09-06 01:45  to 2019-09-06 02:00,0.052,,
2019-09-06 02:00  to 2019-09-06 02:15,0.038,,
2019-09-06 02:15  to 2019-09-06 02:30,0.022,,
2019-09-06 02:30  to 2019-09-06 02:45,0.044,,
2019-09-06 02:45  to 2019-09-06 03:00,0.033,,
2019-09-06 03:00  to 2019-09-06 03:15,0.020,,
2019-09-06 03:15  to 2019-09-06 03:30,0.040,,
2019-09-06 03:30  to 2019-09-06 03:45,0.104,,
2019-09-06 03:45  to 2019-09-06 04:00,0.169,,
2019-09-06 04:00  to 2019-09-06 04:15,0.148,,
2019-09-06 04:15  to 2019-09-06 04:30,0.139,,
2019-09-06 04:30  to 2019-09-06 04:45,0.115,,
2019-09-06 04:45  to 2019-09-06 05:00,0.122,,
2019-09-06 05:00  to 2019-09-06 05:15,0.131,,
2019-09-06 05:15  to 2019-09-06 05:30,0.044,,
2019-09-06 05:30  to 2019-09-06 05:45,0.059,,
2019-09-06 05:45  to 2019-09-06 06:00,0.060,,
2019-09-06 06:00  to 2019-09-06 06:15,0.095,,
2019-09-06 06:15  to 2019-09-06 06:30,0.323,,
2019-09-06 06:30  to 2019-09-06 06:45,0.189,,
2019-09-06 06:45  to 2019-09-06 07:00,0.073,,
2019-09-06 07:00  to 2019-09-06 07:15,0.052,,
2019-09-06 07:15  to 2019-09-06 07:30,0.285,,
2019-09-06 07:30  to 2019-09-06 07:45,0.064,,
2019-09-06 07:45  to 2019-09-06 08:00,0.000,,
2019-09-06 08:00  to 2019-09-06 08:15,0.004,,
2019-09-06 08:15  to 2019-09-06 08:30,0.001,,
2019-09-06 08:30  to 2019-09-06 08:45,0.001,,
2019-09-06 08:45  to 2019-09-06 09:00,0.003,,
2019-09-06 09:00  to 2019-09-06 09:15,0.000,,
2019-09-06 09:15  to 2019-09-06 09:30,0.000,,
2019-09-06 09:30  to 2019-09-06 09:45,0.000,,
2019-09-06 09:45  to 2019-09-06 10:00,0.000,,
2019-09-06 10:00  to 2019-09-06 10:15,0.000,,
2019-09-06 10:15  to 2019-09-06 10:30,0.000,,
2019-09-06 10:30  to 2019-09-06 10:45,0.000,,
2019-09-06 10:45  to 2019-09-06 11:00,0.000,,
2019-09-06 11:00  to 2019-09-06 11:15,0.000,,
2019-09-06 11:15  to 2019-09-06 11:30,0.000,,
2019-09-06 11:30  to 2019-09-06 11:45,0.001,,
2019-09-06 11:45  to 2019-09-06 12:00,0.003,,
2019-09-06 12:00  to 2019-09-06 12:15,0.002,,
2019-09-06 12:15  to 2019-09-06 12:30,0.015,,
2019-09-06 12:30  to 2019-09-06 12:45,0.000,,
2019-09-06 12:45  to 2019-09-06 13:00,0.000,,
2019-09-06 13:00  to 2019-09-06 13:15,0.000,,
2019-09-06 13:15  to 2019-09-06 13:30,0.000,,
2019-09-06 13:30  to 2019-09-06 13:45,0.000,,
2019-09-06 13:45  to 2019-09-06 14:00,0.000,,
2019-09-06 14:00  to 2019-09-06 14:15,0.000,,
2019-09-06 14:15  to 2019-09-06 14:30,0.000,,
2019-09-06 14:30  to 2019-09-06 14:45,0.000,,
2019-09-06 14:45  to 2019-09-06 15:00,0.000,,
2019-09-06 15:00  to 2019-09-06 15:15,0.000,,
2019-09-06 15:15  to 2019-09-06 15:30,0.011,,
2019-09-06 15:30  to 2019-09-06 15:45,0.151,,
2019-09-06 15:45  to 2019-09-06 16:00,0.368,,
2019-09-06 16:00  to 2019-09-06 16:15,0.055,,
2019-09-06 16:15  to 2019-09-06 16:30,0.000,,
2019-09-06 16:30  to 2019-09-06 16:45,0.002,,
2019-09-06 16:45  to 2019-09-06 17:00,0.110,,
2019-09-06 17:00  to 2019-09-06 17:15,0.156,,
2019-09-06 17:15  to 2019-09-06 17:30,0.174,,
2019-09-06 17:30  to 2019-09-06 17:45,0.181,,
2019-09-06 17:45  to 2019-09-06 18:00,0.143,,
2019-09-06 18:00  to 2019-09-06 18:15,0.032,,
2019-09-06 18:15  to 2019-09-06 18:30,0.060,,
2019-09-06 18:30  to 2019-09-06 18:45,0.227,,
2019-09-06 18:45  to 2019-09-06 19:00,0.381,,
2019-09-06 19:00  to 2019-09-06 19:15,0.711,,
2019-09-06 19:15  to 2019-09-06 19:30,0.536,,
2019-09-06 19:30  to 2019-09-06 19:45,0.391,,
2019-09-06 19:45  to 2019-09-06 20:00,0.458,,
2019-09-06 20:00  to 2019-09-06 20:15,0.418,,
2019-09-06 20:15  to 2019-09-06 20:30,0.035,,
2019-09-06 20:30  to 2019-09-06 20:45,0.053,,
2019-09-06 20:45  to 2019-09-06 21:00,0.068,,
2019-09-06 21:00  to 2019-09-06 21:15,0.061,,
2019-09-06 21:15  to 2019-09-06 21:30,0.083,,
2019-09-06 21:30  to 2019-09-06 21:45,0.071,,
2019-09-06 21:45  to 2019-09-06 22:00,0.056,,
2019-09-06 22:00  to 2019-09-06 22:15,0.076,,
2019-09-06 22:15  to 2019-09-06 22:30,0.080,,
2019-09-06 22:30  to 2019-09-06 22:45,0.117,,
2019-09-06 22:45  to 2019-09-06 23:00,0.159,,
2019-09-06 23:00  to 2019-09-06 23:15,0.155,,
2019-09-06 23:15  to 2019-09-06 23:30,0.178,,
2019-09-06 23:30  to 2019-09-06 23:45,0.128,,
2019-09-06 23:45  to 2019-09-07 00:00,0.067,,

========================================
Interval Blockdata for period starting:, 2019-09-07 00:00  for 1 day,,
========================================
Energy consumption time period,Usage(KWH),,

   -->
   
   2019-09-07 00:00  to 2019-09-07 00:15,0.041,,
2019-09-07 00:15  to 2019-09-07 00:30,0.031,,
2019-09-07 00:30  to 2019-09-07 00:45,0.044,,
2019-09-07 00:45  to 2019-09-07 01:00,0.055,,
2019-09-07 01:00  to 2019-09-07 01:15,0.031,,
2019-09-07 01:15  to 2019-09-07 01:30,0.031,,
2019-09-07 01:30  to 2019-09-07 01:45,0.058,,
2019-09-07 01:45  to 2019-09-07 02:00,0.039,,
2019-09-07 02:00  to 2019-09-07 02:15,0.031,,
2019-09-07 02:15  to 2019-09-07 02:30,0.063,,
2019-09-07 02:30  to 2019-09-07 02:45,0.103,,
2019-09-07 02:45  to 2019-09-07 03:00,0.198,,
2019-09-07 03:00  to 2019-09-07 03:15,0.154,,
2019-09-07 03:15  to 2019-09-07 03:30,0.170,,
2019-09-07 03:30  to 2019-09-07 03:45,0.128,,
2019-09-07 03:45  to 2019-09-07 04:00,0.052,,
2019-09-07 04:00  to 2019-09-07 04:15,0.056,,
2019-09-07 04:15  to 2019-09-07 04:30,0.081,,
2019-09-07 04:30  to 2019-09-07 04:45,0.040,,
2019-09-07 04:45  to 2019-09-07 05:00,0.031,,
2019-09-07 05:00  to 2019-09-07 05:15,0.044,,
2019-09-07 05:15  to 2019-09-07 05:30,0.052,,
2019-09-07 05:30  to 2019-09-07 05:45,0.031,,
2019-09-07 05:45  to 2019-09-07 06:00,0.146,,
2019-09-07 06:00  to 2019-09-07 06:15,0.195,,
2019-09-07 06:15  to 2019-09-07 06:30,0.356,,
2019-09-07 06:30  to 2019-09-07 06:45,0.692,,
2019-09-07 06:45  to 2019-09-07 07:00,0.604,,
2019-09-07 07:00  to 2019-09-07 07:15,0.281,,
2019-09-07 07:15  to 2019-09-07 07:30,0.390,,
2019-09-07 07:30  to 2019-09-07 07:45,0.594,,
2019-09-07 07:45  to 2019-09-07 08:00,0.589,,
2019-09-07 08:00  to 2019-09-07 08:15,0.559,,
2019-09-07 08:15  to 2019-09-07 08:30,0.505,,
2019-09-07 08:30  to 2019-09-07 08:45,0.361,,
2019-09-07 08:45  to 2019-09-07 09:00,0.295,,
2019-09-07 09:00  to 2019-09-07 09:15,0.229,,
2019-09-07 09:15  to 2019-09-07 09:30,0.241,,
2019-09-07 09:30  to 2019-09-07 09:45,0.365,,
2019-09-07 09:45  to 2019-09-07 10:00,0.361,,
2019-09-07 10:00  to 2019-09-07 10:15,0.210,,
2019-09-07 10:15  to 2019-09-07 10:30,0.247,,
2019-09-07 10:30  to 2019-09-07 10:45,0.180,,
2019-09-07 10:45  to 2019-09-07 11:00,0.058,,
2019-09-07 11:00  to 2019-09-07 11:15,0.042,,
2019-09-07 11:15  to 2019-09-07 11:30,0.066,,
2019-09-07 11:30  to 2019-09-07 11:45,0.000,,
2019-09-07 11:45  to 2019-09-07 12:00,0.000,,
2019-09-07 12:00  to 2019-09-07 12:15,0.000,,
2019-09-07 12:15  to 2019-09-07 12:30,0.086,,
2019-09-07 12:30  to 2019-09-07 12:45,0.052,,
2019-09-07 12:45  to 2019-09-07 13:00,0.004,,
2019-09-07 13:00  to 2019-09-07 13:15,0.016,,
2019-09-07 13:15  to 2019-09-07 13:30,0.000,,
2019-09-07 13:30  to 2019-09-07 13:45,0.000,,
2019-09-07 13:45  to 2019-09-07 14:00,0.000,,
2019-09-07 14:00  to 2019-09-07 14:15,0.000,,
2019-09-07 14:15  to 2019-09-07 14:30,0.016,,
2019-09-07 14:30  to 2019-09-07 14:45,0.373,,
2019-09-07 14:45  to 2019-09-07 15:00,0.245,,
2019-09-07 15:00  to 2019-09-07 15:15,0.579,,
2019-09-07 15:15  to 2019-09-07 15:30,0.231,,
2019-09-07 15:30  to 2019-09-07 15:45,0.278,,
2019-09-07 15:45  to 2019-09-07 16:00,0.374,,
2019-09-07 16:00  to 2019-09-07 16:15,0.510,,
2019-09-07 16:15  to 2019-09-07 16:30,0.383,,
2019-09-07 16:30  to 2019-09-07 16:45,0.012,,
2019-09-07 16:45  to 2019-09-07 17:00,0.080,,
2019-09-07 17:00  to 2019-09-07 17:15,0.288,,
2019-09-07 17:15  to 2019-09-07 17:30,0.098,,
2019-09-07 17:30  to 2019-09-07 17:45,0.030,,
2019-09-07 17:45  to 2019-09-07 18:00,0.027,,
2019-09-07 18:00  to 2019-09-07 18:15,0.058,,
2019-09-07 18:15  to 2019-09-07 18:30,0.065,,
2019-09-07 18:30  to 2019-09-07 18:45,0.073,,
2019-09-07 18:45  to 2019-09-07 19:00,0.073,,
2019-09-07 19:00  to 2019-09-07 19:15,0.050,,
2019-09-07 19:15  to 2019-09-07 19:30,0.203,,
2019-09-07 19:30  to 2019-09-07 19:45,0.172,,
2019-09-07 19:45  to 2019-09-07 20:00,0.149,,
2019-09-07 20:00  to 2019-09-07 20:15,0.086,,
2019-09-07 20:15  to 2019-09-07 20:30,0.058,,
2019-09-07 20:30  to 2019-09-07 20:45,0.078,,
2019-09-07 20:45  to 2019-09-07 21:00,0.092,,
2019-09-07 21:00  to 2019-09-07 21:15,0.153,,
2019-09-07 21:15  to 2019-09-07 21:30,0.117,,
2019-09-07 21:30  to 2019-09-07 21:45,0.041,,
2019-09-07 21:45  to 2019-09-07 22:00,0.057,,
2019-09-07 22:00  to 2019-09-07 22:15,0.037,,
2019-09-07 22:15  to 2019-09-07 22:30,0.041,,
2019-09-07 22:30  to 2019-09-07 22:45,0.062,,
2019-09-07 22:45  to 2019-09-07 23:00,0.174,,
2019-09-07 23:00  to 2019-09-07 23:15,0.147,,
2019-09-07 23:15  to 2019-09-07 23:30,0.155,,
2019-09-07 23:30  to 2019-09-07 23:45,0.120,,
2019-09-07 23:45  to 2019-09-08 00:00,0.041,,

========================================
Interval Blockdata for period starting:, 2019-09-08 00:00  for 1 day,,
========================================
Energy consumption time period,Usage(KWH),,

   -->
   
   2019-09-08 00:00  to 2019-09-08 00:15,0.043,,
2019-09-08 00:15  to 2019-09-08 00:30,0.047,,
2019-09-08 00:30  to 2019-09-08 00:45,0.066,,
2019-09-08 00:45  to 2019-09-08 01:00,0.055,,
2019-09-08 01:00  to 2019-09-08 01:15,0.044,,
2019-09-08 01:15  to 2019-09-08 01:30,0.066,,
2019-09-08 01:30  to 2019-09-08 01:45,0.054,,
2019-09-08 01:45  to 2019-09-08 02:00,0.044,,
2019-09-08 02:00  to 2019-09-08 02:15,0.064,,
2019-09-08 02:15  to 2019-09-08 02:30,0.075,,
2019-09-08 02:30  to 2019-09-08 02:45,0.180,,
2019-09-08 02:45  to 2019-09-08 03:00,0.146,,
2019-09-08 03:00  to 2019-09-08 03:15,0.148,,
2019-09-08 03:15  to 2019-09-08 03:30,0.117,,
2019-09-08 03:30  to 2019-09-08 03:45,0.084,,
2019-09-08 03:45  to 2019-09-08 04:00,0.048,,
2019-09-08 04:00  to 2019-09-08 04:15,0.022,,
2019-09-08 04:15  to 2019-09-08 04:30,0.023,,
2019-09-08 04:30  to 2019-09-08 04:45,0.049,,
2019-09-08 04:45  to 2019-09-08 05:00,0.027,,
2019-09-08 05:00  to 2019-09-08 05:15,0.022,,
2019-09-08 05:15  to 2019-09-08 05:30,0.040,,
2019-09-08 05:30  to 2019-09-08 05:45,0.036,,
2019-09-08 05:45  to 2019-09-08 06:00,0.041,,
2019-09-08 06:00  to 2019-09-08 06:15,0.058,,
2019-09-08 06:15  to 2019-09-08 06:30,0.096,,
2019-09-08 06:30  to 2019-09-08 06:45,0.120,,
2019-09-08 06:45  to 2019-09-08 07:00,0.138,,
2019-09-08 07:00  to 2019-09-08 07:15,0.114,,
2019-09-08 07:15  to 2019-09-08 07:30,0.078,,
2019-09-08 07:30  to 2019-09-08 07:45,0.161,,
2019-09-08 07:45  to 2019-09-08 08:00,0.148,,
2019-09-08 08:00  to 2019-09-08 08:15,0.224,,
2019-09-08 08:15  to 2019-09-08 08:30,0.131,,
2019-09-08 08:30  to 2019-09-08 08:45,0.136,,
2019-09-08 08:45  to 2019-09-08 09:00,0.150,,
2019-09-08 09:00  to 2019-09-08 09:15,0.132,,
2019-09-08 09:15  to 2019-09-08 09:30,0.107,,
2019-09-08 09:30  to 2019-09-08 09:45,0.134,,
2019-09-08 09:45  to 2019-09-08 10:00,0.116,,
2019-09-08 10:00  to 2019-09-08 10:15,0.095,,
2019-09-08 10:15  to 2019-09-08 10:30,0.042,,
2019-09-08 10:30  to 2019-09-08 10:45,0.055,,
2019-09-08 10:45  to 2019-09-08 11:00,0.038,,
2019-09-08 11:00  to 2019-09-08 11:15,0.020,,
2019-09-08 11:15  to 2019-09-08 11:30,0.032,,
2019-09-08 11:30  to 2019-09-08 11:45,0.068,,
2019-09-08 11:45  to 2019-09-08 12:00,0.176,,
2019-09-08 12:00  to 2019-09-08 12:15,0.046,,
2019-09-08 12:15  to 2019-09-08 12:30,0.036,,
2019-09-08 12:30  to 2019-09-08 12:45,0.075,,
2019-09-08 12:45  to 2019-09-08 13:00,0.151,,
2019-09-08 13:00  to 2019-09-08 13:15,0.152,,
2019-09-08 13:15  to 2019-09-08 13:30,0.163,,
2019-09-08 13:30  to 2019-09-08 13:45,0.177,,
2019-09-08 13:45  to 2019-09-08 14:00,0.140,,
2019-09-08 14:00  to 2019-09-08 14:15,0.112,,
2019-09-08 14:15  to 2019-09-08 14:30,0.122,,
2019-09-08 14:30  to 2019-09-08 14:45,0.186,,
2019-09-08 14:45  to 2019-09-08 15:00,0.214,,
2019-09-08 15:00  to 2019-09-08 15:15,0.377,,
2019-09-08 15:15  to 2019-09-08 15:30,0.217,,
2019-09-08 15:30  to 2019-09-08 15:45,0.320,,
2019-09-08 15:45  to 2019-09-08 16:00,0.430,,
2019-09-08 16:00  to 2019-09-08 16:15,0.371,,
2019-09-08 16:15  to 2019-09-08 16:30,0.055,,
2019-09-08 16:30  to 2019-09-08 16:45,0.062,,
2019-09-08 16:45  to 2019-09-08 17:00,0.050,,
2019-09-08 17:00  to 2019-09-08 17:15,0.060,,
2019-09-08 17:15  to 2019-09-08 17:30,0.050,,
2019-09-08 17:30  to 2019-09-08 17:45,0.047,,
2019-09-08 17:45  to 2019-09-08 18:00,0.073,,
2019-09-08 18:00  to 2019-09-08 18:15,0.119,,
2019-09-08 18:15  to 2019-09-08 18:30,0.226,,
2019-09-08 18:30  to 2019-09-08 18:45,0.186,,
2019-09-08 18:45  to 2019-09-08 19:00,0.154,,
2019-09-08 19:00  to 2019-09-08 19:15,0.153,,
2019-09-08 19:15  to 2019-09-08 19:30,0.133,,
2019-09-08 19:30  to 2019-09-08 19:45,0.177,,
2019-09-08 19:45  to 2019-09-08 20:00,0.158,,
2019-09-08 20:00  to 2019-09-08 20:15,0.188,,
2019-09-08 20:15  to 2019-09-08 20:30,0.270,,
2019-09-08 20:30  to 2019-09-08 20:45,0.283,,
2019-09-08 20:45  to 2019-09-08 21:00,0.281,,
2019-09-08 21:00  to 2019-09-08 21:15,0.281,,
2019-09-08 21:15  to 2019-09-08 21:30,0.106,,
2019-09-08 21:30  to 2019-09-08 21:45,0.095,,
2019-09-08 21:45  to 2019-09-08 22:00,0.115,,
2019-09-08 22:00  to 2019-09-08 22:15,0.089,,
2019-09-08 22:15  to 2019-09-08 22:30,0.068,,
2019-09-08 22:30  to 2019-09-08 22:45,0.055,,
2019-09-08 22:45  to 2019-09-08 23:00,0.050,,
2019-09-08 23:00  to 2019-09-08 23:15,0.068,,
2019-09-08 23:15  to 2019-09-08 23:30,0.045,,
2019-09-08 23:30  to 2019-09-08 23:45,0.060,,
2019-09-08 23:45  to 2019-09-09 00:00,0.057,,

========================================
Interval Blockdata for period starting:, 2019-09-09 00:00  for 1 day,,
========================================
Energy consumption time period,Usage(KWH),,

   -->
   
   2019-09-09 00:00  to 2019-09-09 00:15,0.045,,
2019-09-09 00:15  to 2019-09-09 00:30,0.066,,
2019-09-09 00:30  to 2019-09-09 00:45,0.032,,
2019-09-09 00:45  to 2019-09-09 01:00,0.119,,
2019-09-09 01:00  to 2019-09-09 01:15,0.152,,
2019-09-09 01:15  to 2019-09-09 01:30,0.125,,
2019-09-09 01:30  to 2019-09-09 01:45,0.123,,
2019-09-09 01:45  to 2019-09-09 02:00,0.124,,
2019-09-09 02:00  to 2019-09-09 02:15,0.101,,
2019-09-09 02:15  to 2019-09-09 02:30,0.122,,
2019-09-09 02:30  to 2019-09-09 02:45,0.114,,
2019-09-09 02:45  to 2019-09-09 03:00,0.098,,
2019-09-09 03:00  to 2019-09-09 03:15,0.026,,
2019-09-09 03:15  to 2019-09-09 03:30,0.048,,
2019-09-09 03:30  to 2019-09-09 03:45,0.023,,
2019-09-09 03:45  to 2019-09-09 04:00,0.058,,
2019-09-09 04:00  to 2019-09-09 04:15,0.106,,
2019-09-09 04:15  to 2019-09-09 04:30,0.074,,
2019-09-09 04:30  to 2019-09-09 04:45,0.097,,
2019-09-09 04:45  to 2019-09-09 05:00,0.116,,
2019-09-09 05:00  to 2019-09-09 05:15,0.049,,
2019-09-09 05:15  to 2019-09-09 05:30,0.131,,
2019-09-09 05:30  to 2019-09-09 05:45,0.162,,
2019-09-09 05:45  to 2019-09-09 06:00,0.146,,
2019-09-09 06:00  to 2019-09-09 06:15,0.200,,
2019-09-09 06:15  to 2019-09-09 06:30,0.188,,
2019-09-09 06:30  to 2019-09-09 06:45,0.157,,
2019-09-09 06:45  to 2019-09-09 07:00,0.127,,
2019-09-09 07:00  to 2019-09-09 07:15,0.137,,
2019-09-09 07:15  to 2019-09-09 07:30,0.124,,
2019-09-09 07:30  to 2019-09-09 07:45,0.110,,
2019-09-09 07:45  to 2019-09-09 08:00,0.090,,
2019-09-09 08:00  to 2019-09-09 08:15,0.089,,
2019-09-09 08:15  to 2019-09-09 08:30,0.089,,
2019-09-09 08:30  to 2019-09-09 08:45,0.036,,
2019-09-09 08:45  to 2019-09-09 09:00,0.076,,
2019-09-09 09:00  to 2019-09-09 09:15,0.013,,
2019-09-09 09:15  to 2019-09-09 09:30,0.008,,
2019-09-09 09:30  to 2019-09-09 09:45,0.057,,
2019-09-09 09:45  to 2019-09-09 10:00,0.000,,
2019-09-09 10:00  to 2019-09-09 10:15,0.004,,
2019-09-09 10:15  to 2019-09-09 10:30,0.003,,
2019-09-09 10:30  to 2019-09-09 10:45,0.000,,
2019-09-09 10:45  to 2019-09-09 11:00,0.000,,
2019-09-09 11:00  to 2019-09-09 11:15,0.000,,
2019-09-09 11:15  to 2019-09-09 11:30,0.000,,
2019-09-09 11:30  to 2019-09-09 11:45,0.000,,
2019-09-09 11:45  to 2019-09-09 12:00,0.000,,
2019-09-09 12:00  to 2019-09-09 12:15,0.000,,
2019-09-09 12:15  to 2019-09-09 12:30,0.018,,
2019-09-09 12:30  to 2019-09-09 12:45,0.013,,
2019-09-09 12:45  to 2019-09-09 13:00,0.002,,
2019-09-09 13:00  to 2019-09-09 13:15,0.012,,
2019-09-09 13:15  to 2019-09-09 13:30,0.011,,
2019-09-09 13:30  to 2019-09-09 13:45,0.000,,
2019-09-09 13:45  to 2019-09-09 14:00,0.002,,
2019-09-09 14:00  to 2019-09-09 14:15,0.000,,
2019-09-09 14:15  to 2019-09-09 14:30,0.011,,
2019-09-09 14:30  to 2019-09-09 14:45,0.052,,
2019-09-09 14:45  to 2019-09-09 15:00,0.137,,
2019-09-09 15:00  to 2019-09-09 15:15,0.583,,
2019-09-09 15:15  to 2019-09-09 15:30,0.267,,
2019-09-09 15:30  to 2019-09-09 15:45,0.254,,
2019-09-09 15:45  to 2019-09-09 16:00,0.406,,
2019-09-09 16:00  to 2019-09-09 16:15,0.476,,
2019-09-09 16:15  to 2019-09-09 16:30,0.257,,
2019-09-09 16:30  to 2019-09-09 16:45,0.203,,
2019-09-09 16:45  to 2019-09-09 17:00,0.066,,
2019-09-09 17:00  to 2019-09-09 17:15,0.113,,
2019-09-09 17:15  to 2019-09-09 17:30,0.602,,
2019-09-09 17:30  to 2019-09-09 17:45,0.860,,
2019-09-09 17:45  to 2019-09-09 18:00,0.725,,
2019-09-09 18:00  to 2019-09-09 18:15,0.520,,
2019-09-09 18:15  to 2019-09-09 18:30,0.471,,
2019-09-09 18:30  to 2019-09-09 18:45,0.443,,
2019-09-09 18:45  to 2019-09-09 19:00,0.360,,
2019-09-09 19:00  to 2019-09-09 19:15,0.233,,
2019-09-09 19:15  to 2019-09-09 19:30,0.044,,
2019-09-09 19:30  to 2019-09-09 19:45,0.073,,
2019-09-09 19:45  to 2019-09-09 20:00,0.063,,
2019-09-09 20:00  to 2019-09-09 20:15,0.062,,
2019-09-09 20:15  to 2019-09-09 20:30,0.169,,
2019-09-09 20:30  to 2019-09-09 20:45,0.184,,
2019-09-09 20:45  to 2019-09-09 21:00,0.164,,
2019-09-09 21:00  to 2019-09-09 21:15,0.180,,
2019-09-09 21:15  to 2019-09-09 21:30,0.139,,
2019-09-09 21:30  to 2019-09-09 21:45,0.153,,
2019-09-09 21:45  to 2019-09-09 22:00,0.153,,
2019-09-09 22:00  to 2019-09-09 22:15,0.164,,
2019-09-09 22:15  to 2019-09-09 22:30,0.116,,
2019-09-09 22:30  to 2019-09-09 22:45,0.133,,
2019-09-09 22:45  to 2019-09-09 23:00,0.134,,
2019-09-09 23:00  to 2019-09-09 23:15,0.097,,
2019-09-09 23:15  to 2019-09-09 23:30,0.144,,
2019-09-09 23:30  to 2019-09-09 23:45,0.113,,
2019-09-09 23:45  to 2019-09-10 00:00,0.098,,
